nm,fp,fraction
251,mtq,0.49673
252,mtq,0.49673
253,mtq,0.49673
254,mtq,0.4902
255,mtq,0.48584
256,mtq,0.4902
257,mtq,0.50545
258,mtq,0.53377
259,mtq,0.55338
260,mtq,0.56427
261,mtq,0.57734
262,mtq,0.59041
263,mtq,0.60566
264,mtq,0.63834
265,mtq,0.66231
266,mtq,0.6732
267,mtq,0.69281
268,mtq,0.72331
269,mtq,0.74946
270,mtq,0.77342
271,mtq,0.80174
272,mtq,0.83224
273,mtq,0.86275
274,mtq,0.89325
275,mtq,0.91939
276,mtq,0.94553
277,mtq,0.96078
278,mtq,0.96732
279,mtq,0.96514
280,mtq,0.96296
281,mtq,0.96078
282,mtq,0.94771
283,mtq,0.9281
284,mtq,0.90196
285,mtq,0.86492
286,mtq,0.82135
287,mtq,0.76253
288,mtq,0.69281
289,mtq,0.61656
290,mtq,0.54466
291,mtq,0.49237
292,mtq,0.45752
293,mtq,0.42484
294,mtq,0.39434
295,mtq,0.36383
296,mtq,0.33551
297,mtq,0.31373
298,mtq,0.29194
299,mtq,0.27233
300,mtq,0.24837
301,mtq,0.22658
302,mtq,0.20479
303,mtq,0.18519
304,mtq,0.1634
305,mtq,0.14815
306,mtq,0.1329
307,mtq,0.12418
308,mtq,0.11329
309,mtq,0.10675
310,mtq,0.098039
311,mtq,0.093682
312,mtq,0.087146
313,mtq,0.082789
314,mtq,0.08061
315,mtq,0.076253
316,mtq,0.074074
317,mtq,0.074074
318,mtq,0.069717
319,mtq,0.065359
320,mtq,0.065359
321,mtq,0.063181
322,mtq,0.058824
323,mtq,0.061002
324,mtq,0.058824
325,mtq,0.058824
326,mtq,0.056645
327,mtq,0.054466
328,mtq,0.054466
329,mtq,0.054466
330,mtq,0.052288
331,mtq,0.052288
332,mtq,0.052288
333,mtq,0.050109
334,mtq,0.050109
335,mtq,0.050109
336,mtq,0.050109
337,mtq,0.052288
338,mtq,0.050109
339,mtq,0.04793
340,mtq,0.04793
341,mtq,0.050109
342,mtq,0.04793
343,mtq,0.050109
344,mtq,0.04793
345,mtq,0.04793
346,mtq,0.052288
347,mtq,0.050109
348,mtq,0.052288
349,mtq,0.052288
350,mtq,0.054466
351,mtq,0.056645
352,mtq,0.054466
353,mtq,0.054466
354,mtq,0.056645
355,mtq,0.058824
356,mtq,0.058824
357,mtq,0.063181
358,mtq,0.063181
359,mtq,0.063181
360,mtq,0.063181
361,mtq,0.065359
362,mtq,0.067538
363,mtq,0.069717
364,mtq,0.071895
365,mtq,0.074074
366,mtq,0.076253
367,mtq,0.08061
368,mtq,0.082789
369,mtq,0.087146
370,mtq,0.091503
371,mtq,0.098039
372,mtq,0.1024
373,mtq,0.10893
374,mtq,0.11547
375,mtq,0.11983
376,mtq,0.12636
377,mtq,0.1329
378,mtq,0.14161
379,mtq,0.14815
380,mtq,0.15468
381,mtq,0.1634
382,mtq,0.17211
383,mtq,0.18301
384,mtq,0.1939
385,mtq,0.20261
386,mtq,0.21351
387,mtq,0.22004
388,mtq,0.23312
389,mtq,0.24837
390,mtq,0.25708
391,mtq,0.26797
392,mtq,0.28105
393,mtq,0.29412
394,mtq,0.30937
395,mtq,0.32026
396,mtq,0.33551
397,mtq,0.35076
398,mtq,0.36819
399,mtq,0.38562
400,mtq,0.40087
401,mtq,0.4183
402,mtq,0.43791
403,mtq,0.45752
404,mtq,0.47712
405,mtq,0.49673
406,mtq,0.51416
407,mtq,0.53377
408,mtq,0.5512
409,mtq,0.56645
410,mtq,0.58388
411,mtq,0.60131
412,mtq,0.61656
413,mtq,0.63399
414,mtq,0.64924
415,mtq,0.66013
416,mtq,0.67756
417,mtq,0.69499
418,mtq,0.7146
419,mtq,0.7342
420,mtq,0.75163
421,mtq,0.7756
422,mtq,0.79303
423,mtq,0.81481
424,mtq,0.83878
425,mtq,0.86057
426,mtq,0.88235
427,mtq,0.90632
428,mtq,0.92593
429,mtq,0.94553
430,mtq,0.96078
431,mtq,0.97386
432,mtq,0.98475
433,mtq,0.99129
434,mtq,0.99782
435,mtq,1
436,mtq,0.99346
437,mtq,0.98911
438,mtq,0.98257
439,mtq,0.97168
440,mtq,0.96296
441,mtq,0.95207
442,mtq,0.94118
443,mtq,0.93246
444,mtq,0.92593
445,mtq,0.91939
446,mtq,0.91503
447,mtq,0.91503
448,mtq,0.91503
449,mtq,0.91721
450,mtq,0.91939
451,mtq,0.92375
452,mtq,0.92593
453,mtq,0.9281
454,mtq,0.93028
455,mtq,0.9281
456,mtq,0.92157
457,mtq,0.91285
458,mtq,0.8976
459,mtq,0.87582
460,mtq,0.84967
461,mtq,0.81264
462,mtq,0.77124
463,mtq,0.72549
464,mtq,0.6732
465,mtq,0.61656
466,mtq,0.55773
467,mtq,0.49891
468,mtq,0.44227
469,mtq,0.38562
470,mtq,0.33333
471,mtq,0.28322
472,mtq,0.23747
473,mtq,0.19826
474,mtq,0.1634
475,mtq,0.13508
476,mtq,0.11111
477,mtq,0.091503
478,mtq,0.074074
479,mtq,0.058824
480,mtq,0.045752
481,mtq,0.037037
482,mtq,0.030501
483,mtq,0.023965
484,mtq,0.019608
485,mtq,0.015251
486,mtq,0.013072
487,mtq,0.0087146
488,mtq,0.0065359
489,mtq,0.0065359
490,mtq,0.0065359
491,mtq,0.0043573
492,mtq,0.0021786
493,mtq,0
494,mtq,0.0021786
495,mtq,0
496,mtq,0.0021786
497,mtq,0
498,mtq,0
499,mtq,-0.0021786
500,mtq,-0.0021786
501,mtq,-0.0021786
502,mtq,-0.0021786
503,mtq,-0.0021786
504,mtq,-0.0021786
505,mtq,0
506,mtq,-0.0021786
507,mtq,-0.0021786
508,mtq,0
509,mtq,-0.0021786
510,mtq,-0.0021786
260,mcl3,0.4421053
261,mcl3,0.4368421
262,mcl3,0.4368421
263,mcl3,0.4368421
264,mcl3,0.4421053
265,mcl3,0.4473684
266,mcl3,0.4473684
267,mcl3,0.4473684
268,mcl3,0.4526316
269,mcl3,0.4578947
270,mcl3,0.4578947
271,mcl3,0.4578947
272,mcl3,0.4578947
273,mcl3,0.4578947
274,mcl3,0.4578947
275,mcl3,0.4631579
276,mcl3,0.4631579
277,mcl3,0.4578947
278,mcl3,0.4578947
279,mcl3,0.4473684
280,mcl3,0.4421053
281,mcl3,0.4315789
282,mcl3,0.4210526
283,mcl3,0.4105263
284,mcl3,0.3894737
285,mcl3,0.3789474
286,mcl3,0.3578948
287,mcl3,0.3368421
288,mcl3,0.3105263
289,mcl3,0.2894737
290,mcl3,0.2578947
291,mcl3,0.2421053
292,mcl3,0.2210526
293,mcl3,0.2
294,mcl3,0.1842105
295,mcl3,0.1631579
296,mcl3,0.1473684
297,mcl3,0.131579
298,mcl3,0.1210526
299,mcl3,0.1157895
300,mcl3,0.1052632
301,mcl3,0.09473684
302,mcl3,0.08947369
303,mcl3,0.07894737
304,mcl3,0.07368421
305,mcl3,0.07368421
306,mcl3,0.06315789
307,mcl3,0.05789474
308,mcl3,0.05789474
309,mcl3,0.05789474
310,mcl3,0.05263158
311,mcl3,0.05263158
312,mcl3,0.05263158
313,mcl3,0.04736842
314,mcl3,0.04736842
315,mcl3,0.04736842
316,mcl3,0.04736842
317,mcl3,0.04210526
318,mcl3,0.04210526
319,mcl3,0.04210526
320,mcl3,0.04210526
321,mcl3,0.04210526
322,mcl3,0.04210526
323,mcl3,0.04210526
324,mcl3,0.04210526
325,mcl3,0.0368421
326,mcl3,0.0368421
327,mcl3,0.0368421
328,mcl3,0.0368421
329,mcl3,0.0368421
330,mcl3,0.03157895
331,mcl3,0.0368421
332,mcl3,0.0368421
333,mcl3,0.0368421
334,mcl3,0.0368421
335,mcl3,0.03157895
336,mcl3,0.0368421
337,mcl3,0.03157895
338,mcl3,0.03157895
339,mcl3,0.03157895
340,mcl3,0.03157895
341,mcl3,0.03157895
342,mcl3,0.03157895
343,mcl3,0.03157895
344,mcl3,0.03157895
345,mcl3,0.03157895
346,mcl3,0.03157895
347,mcl3,0.03157895
348,mcl3,0.03157895
349,mcl3,0.03157895
350,mcl3,0.03157895
351,mcl3,0.03157895
352,mcl3,0.03157895
353,mcl3,0.02631579
354,mcl3,0.03157895
355,mcl3,0.02631579
356,mcl3,0.02631579
357,mcl3,0.03157895
358,mcl3,0.03157895
359,mcl3,0.02631579
360,mcl3,0.03157895
361,mcl3,0.03157895
362,mcl3,0.03157895
363,mcl3,0.03157895
364,mcl3,0.03157895
365,mcl3,0.03157895
366,mcl3,0.03157895
367,mcl3,0.02631579
368,mcl3,0.02631579
369,mcl3,0.03157895
370,mcl3,0.03157895
371,mcl3,0.03157895
372,mcl3,0.03157895
373,mcl3,0.02631579
374,mcl3,0.03157895
375,mcl3,0.03157895
376,mcl3,0.03157895
377,mcl3,0.03157895
378,mcl3,0.03157895
379,mcl3,0.03157895
380,mcl3,0.03157895
381,mcl3,0.03157895
382,mcl3,0.03157895
383,mcl3,0.03157895
384,mcl3,0.03157895
385,mcl3,0.03157895
386,mcl3,0.03157895
387,mcl3,0.03157895
388,mcl3,0.03157895
389,mcl3,0.03157895
390,mcl3,0.03157895
391,mcl3,0.0368421
392,mcl3,0.03157895
393,mcl3,0.0368421
394,mcl3,0.0368421
395,mcl3,0.0368421
396,mcl3,0.0368421
397,mcl3,0.0368421
398,mcl3,0.0368421
399,mcl3,0.0368421
400,mcl3,0.0368421
401,mcl3,0.0368421
402,mcl3,0.0368421
403,mcl3,0.0368421
404,mcl3,0.0368421
405,mcl3,0.04210526
406,mcl3,0.04210526
407,mcl3,0.04210526
408,mcl3,0.04210526
409,mcl3,0.04210526
410,mcl3,0.04210526
411,mcl3,0.04210526
412,mcl3,0.04210526
413,mcl3,0.04210526
414,mcl3,0.04210526
415,mcl3,0.04210526
416,mcl3,0.04210526
417,mcl3,0.04210526
418,mcl3,0.04210526
419,mcl3,0.04736842
420,mcl3,0.04736842
421,mcl3,0.04736842
422,mcl3,0.04736842
423,mcl3,0.04736842
424,mcl3,0.04736842
425,mcl3,0.04736842
426,mcl3,0.04736842
427,mcl3,0.04736842
428,mcl3,0.05263158
429,mcl3,0.05263158
430,mcl3,0.05263158
431,mcl3,0.05263158
432,mcl3,0.05789474
433,mcl3,0.05789474
434,mcl3,0.05789474
435,mcl3,0.06315789
436,mcl3,0.06315789
437,mcl3,0.06842105
438,mcl3,0.06842105
439,mcl3,0.07368421
440,mcl3,0.07368421
441,mcl3,0.07894737
442,mcl3,0.07894737
443,mcl3,0.08421052
444,mcl3,0.08947369
445,mcl3,0.08947369
446,mcl3,0.09473684
447,mcl3,0.1
448,mcl3,0.1
449,mcl3,0.1052632
450,mcl3,0.1105263
451,mcl3,0.1157895
452,mcl3,0.1210526
453,mcl3,0.1263158
454,mcl3,0.131579
455,mcl3,0.1421053
456,mcl3,0.1473684
457,mcl3,0.1578947
458,mcl3,0.1631579
459,mcl3,0.1736842
460,mcl3,0.1842105
461,mcl3,0.1947368
462,mcl3,0.2052632
463,mcl3,0.2210526
464,mcl3,0.231579
465,mcl3,0.2473684
466,mcl3,0.2631579
467,mcl3,0.2789474
468,mcl3,0.2947368
469,mcl3,0.3105263
470,mcl3,0.3263158
471,mcl3,0.3368421
472,mcl3,0.3526316
473,mcl3,0.3631579
474,mcl3,0.3736842
475,mcl3,0.3842105
476,mcl3,0.3947369
477,mcl3,0.4
478,mcl3,0.4105263
479,mcl3,0.4157895
480,mcl3,0.4210526
481,mcl3,0.4315789
482,mcl3,0.4368421
483,mcl3,0.4473684
484,mcl3,0.4578947
485,mcl3,0.468421
486,mcl3,0.4842105
487,mcl3,0.5
488,mcl3,0.5157895
489,mcl3,0.5368421
490,mcl3,0.5578948
491,mcl3,0.5842105
492,mcl3,0.6105263
493,mcl3,0.6421053
494,mcl3,0.6736842
495,mcl3,0.7105263
496,mcl3,0.7473684
497,mcl3,0.7842105
498,mcl3,0.8210526
499,mcl3,0.8631579
500,mcl3,0.9
501,mcl3,0.9368421
502,mcl3,0.9631579
503,mcl3,0.9842106
504,mcl3,0.9947369
505,mcl3,1
506,mcl3,0.9894737
507,mcl3,0.968421
508,mcl3,0.9368421
509,mcl3,0.8947368
510,mcl3,0.8368421
511,mcl3,0.7789474
512,mcl3,0.7157895
513,mcl3,0.6473684
514,mcl3,0.5789474
515,mcl3,0.5052632
516,mcl3,0.4421053
517,mcl3,0.3789474
518,mcl3,0.3263158
519,mcl3,0.2736842
520,mcl3,0.231579
521,mcl3,0.1947368
522,mcl3,0.1578947
523,mcl3,0.131579
524,mcl3,0.1105263
525,mcl3,0.08947369
526,mcl3,0.07368421
527,mcl3,0.06315789
528,mcl3,0.05263158
529,mcl3,0.04210526
530,mcl3,0.0368421
531,mcl3,0.03157895
532,mcl3,0.02631579
533,mcl3,0.02105263
534,mcl3,0.02105263
535,mcl3,0.01578947
536,mcl3,0.01578947
537,mcl3,0.01578947
538,mcl3,0.01052632
539,mcl3,0.01052632
540,mcl3,0.01052632
541,mcl3,0.01052632
542,mcl3,0.01052632
543,mcl3,0.01052632
544,mcl3,0.01052632
545,mcl3,0.01052632
546,mcl3,0.01052632
547,mcl3,0.01052632
548,mcl3,0.01052632
549,mcl3,0.01052632
550,mcl3,0.01052632
551,mcl3,0.005263158
552,mcl3,0.005263158
553,mcl3,0.005263158
554,mcl3,0.01052632
555,mcl3,0.01052632
556,mcl3,0.01052632
557,mcl3,0.01052632
558,mcl3,0.005263158
559,mcl3,0.005263158
560,mcl3,0.005263158
561,mcl3,0.005263158
562,mcl3,0.01052632
563,mcl3,0.005263158
564,mcl3,0.005263158
565,mcl3,0.005263158
566,mcl3,0.005263158
567,mcl3,0.005263158
568,mcl3,0.005263158
569,mcl3,0.005263158
570,mcl3,0.005263158
571,mcl3,0.005263158
572,mcl3,0.005263158
573,mcl3,0.005263158
574,mcl3,0.005263158
575,mcl3,0.005263158
576,mcl3,0.005263158
577,mcl3,0.005263158
578,mcl3,0.005263158
579,mcl3,0.005263158
580,mcl3,0.005263158
581,mcl3,0.005263158
582,mcl3,0.005263158
583,mcl3,0.005263158
584,mcl3,0.005263158
585,mcl3,0.005263158
586,mcl3,0.005263158
587,mcl3,0.005263158
588,mcl3,0.005263158
589,mcl3,0.005263158
590,mcl3,0.005263158
591,mcl3,0.005263158
592,mcl3,0.005263158
593,mcl3,0.005263158
594,mcl3,0.005263158
595,mcl3,0.005263158
596,mcl3,0.005263158
597,mcl3,0.005263158
598,mcl3,0.005263158
599,mcl3,0.005263158
600,mcl3,0.005263158
601,mcl3,0.005263158
602,mcl3,0.005263158
603,mcl3,0.005263158
604,mcl3,0.005263158
605,mcl3,0.005263158
606,mcl3,0.005263158
607,mcl3,0.005263158
608,mcl3,0.005263158
609,mcl3,0.005263158
610,mcl3,0.005263158
611,mcl3,0.005263158
612,mcl3,0.005263158
613,mcl3,0.005263158
614,mcl3,0.005263158
615,mcl3,0.005263158
616,mcl3,0.005263158
617,mcl3,0.005263158
618,mcl3,0.005263158
619,mcl3,0.005263158
620,mcl3,0.005263158
621,mcl3,0.005263158
622,mcl3,0.005263158
623,mcl3,0.005263158
624,mcl3,0.005263158
625,mcl3,0.005263158
626,mcl3,0.005263158
627,mcl3,0.005263158
628,mcl3,0.005263158
629,mcl3,0.005263158
630,mcl3,0.005263158
631,mcl3,0.005263158
632,mcl3,0.005263158
633,mcl3,0.005263158
634,mcl3,0.005263158
635,mcl3,0.005263158
636,mcl3,0.005263158
637,mcl3,0.005263158
638,mcl3,0.005263158
639,mcl3,0.005263158
640,mcl3,0.005263158
641,mcl3,0.005263158
642,mcl3,0.005263158
643,mcl3,0.005263158
644,mcl3,0.005263158
645,mcl3,0.005263158
646,mcl3,0.005263158
647,mcl3,0.005263158
648,mcl3,0.005263158
649,mcl3,0.005263158
650,mcl3,0.005263158
651,mcl3,0.005263158
652,mcl3,0.005263158
653,mcl3,0.005263158
654,mcl3,0.005263158
655,mcl3,0.005263158
656,mcl3,0.005263158
657,mcl3,0.005263158
658,mcl3,0.005263158
659,mcl3,0.005263158
660,mcl3,0.005263158
661,mcl3,0.005263158
662,mcl3,0.005263158
663,mcl3,0.005263158
664,mcl3,0.005263158
665,mcl3,0.005263158
666,mcl3,0.005263158
667,mcl3,0.005263158
668,mcl3,0.005263158
669,mcl3,0.005263158
670,mcl3,0.005263158
671,mcl3,0.005263158
672,mcl3,0.005263158
673,mcl3,0.005263158
674,mcl3,0.005263158
675,mcl3,0.005263158
676,mcl3,0.005263158
677,mcl3,0.005263158
678,mcl3,0.005263158
679,mcl3,0.005263158
680,mcl3,0.005263158
681,mcl3,0.005263158
682,mcl3,0.005263158
683,mcl3,0.005263158
684,mcl3,0.005263158
685,mcl3,0.005263158
686,mcl3,0.005263158
687,mcl3,0.005263158
688,mcl3,0.005263158
689,mcl3,0.005263158
690,mcl3,0.005263158
691,mcl3,0.005263158
692,mcl3,0.005263158
693,mcl3,0.005263158
694,mcl3,0.005263158
695,mcl3,0.005263158
696,mcl3,0.005263158
697,mcl3,0.005263158
698,mcl3,0.005263158
699,mcl3,0.005263158
700,mcl3,0.005263158
701,mcl3,0.005263158
702,mcl3,0.005263158
703,mcl3,0.005263158
704,mcl3,0.005263158
705,mcl3,0.005263158
706,mcl3,0.005263158
707,mcl3,0.005263158
708,mcl3,0.005263158
709,mcl3,0.005263158
710,mcl3,0.005263158
711,mcl3,0.005263158
712,mcl3,0.005263158
713,mcl3,0.005263158
714,mcl3,0.005263158
715,mcl3,0.005263158
716,mcl3,0.005263158
717,mcl3,0.005263158
718,mcl3,0.005263158
719,mcl3,0.005263158
720,mcl3,0.005263158
260,syfp,0.4193548
261,syfp,0.4193548
262,syfp,0.4258065
263,syfp,0.4322581
264,syfp,0.4387097
265,syfp,0.4451613
266,syfp,0.4516129
267,syfp,0.4580645
268,syfp,0.4645161
269,syfp,0.4709677
270,syfp,0.4774194
271,syfp,0.4903226
272,syfp,0.4967742
273,syfp,0.5032258
274,syfp,0.5096774
275,syfp,0.5225806
276,syfp,0.5225806
277,syfp,0.5290322
278,syfp,0.5290322
279,syfp,0.5290322
280,syfp,0.5290322
281,syfp,0.5225806
282,syfp,0.5096774
283,syfp,0.5032258
284,syfp,0.483871
285,syfp,0.4709677
286,syfp,0.4516129
287,syfp,0.4258065
288,syfp,0.3935484
289,syfp,0.3612903
290,syfp,0.3290323
291,syfp,0.3096774
292,syfp,0.2967742
293,syfp,0.2709678
294,syfp,0.2516129
295,syfp,0.2387097
296,syfp,0.2193548
297,syfp,0.2064516
298,syfp,0.1935484
299,syfp,0.1870968
300,syfp,0.1806452
301,syfp,0.1677419
302,syfp,0.1612903
303,syfp,0.1612903
304,syfp,0.1483871
305,syfp,0.1483871
306,syfp,0.1354839
307,syfp,0.1354839
308,syfp,0.1290323
309,syfp,0.1290323
310,syfp,0.1225807
311,syfp,0.1225807
312,syfp,0.1225807
313,syfp,0.116129
314,syfp,0.116129
315,syfp,0.116129
316,syfp,0.1096774
317,syfp,0.1096774
318,syfp,0.1096774
319,syfp,0.1096774
320,syfp,0.1032258
321,syfp,0.1032258
322,syfp,0.1032258
323,syfp,0.1032258
324,syfp,0.09677419
325,syfp,0.09677419
326,syfp,0.09677419
327,syfp,0.09677419
328,syfp,0.09677419
329,syfp,0.09032258
330,syfp,0.09032258
331,syfp,0.09032258
332,syfp,0.09032258
333,syfp,0.09032258
334,syfp,0.09032258
335,syfp,0.09032258
336,syfp,0.08387097
337,syfp,0.08387097
338,syfp,0.08387097
339,syfp,0.09032258
340,syfp,0.08387097
341,syfp,0.08387097
342,syfp,0.08387097
343,syfp,0.08387097
344,syfp,0.08387097
345,syfp,0.07741936
346,syfp,0.07741936
347,syfp,0.07741936
348,syfp,0.07741936
349,syfp,0.07096774
350,syfp,0.07096774
351,syfp,0.07096774
352,syfp,0.07741936
353,syfp,0.07096774
354,syfp,0.07096774
355,syfp,0.07096774
356,syfp,0.07096774
357,syfp,0.07096774
358,syfp,0.06451613
359,syfp,0.06451613
360,syfp,0.06451613
361,syfp,0.05806452
362,syfp,0.06451613
363,syfp,0.06451613
364,syfp,0.05806452
365,syfp,0.05806452
366,syfp,0.05806452
367,syfp,0.05806452
368,syfp,0.05806452
369,syfp,0.0516129
370,syfp,0.0516129
371,syfp,0.0516129
372,syfp,0.0516129
373,syfp,0.0516129
374,syfp,0.04516129
375,syfp,0.04516129
376,syfp,0.04516129
377,syfp,0.04516129
378,syfp,0.04516129
379,syfp,0.04516129
380,syfp,0.04516129
381,syfp,0.04516129
382,syfp,0.04516129
383,syfp,0.04516129
384,syfp,0.04516129
385,syfp,0.03870968
386,syfp,0.03870968
387,syfp,0.03870968
388,syfp,0.03870968
389,syfp,0.03870968
390,syfp,0.03870968
391,syfp,0.03870968
392,syfp,0.03870968
393,syfp,0.03870968
394,syfp,0.03870968
395,syfp,0.03870968
396,syfp,0.03870968
397,syfp,0.03870968
398,syfp,0.03870968
399,syfp,0.03870968
400,syfp,0.03870968
401,syfp,0.03870968
402,syfp,0.03870968
403,syfp,0.03870968
404,syfp,0.03870968
405,syfp,0.03870968
406,syfp,0.03870968
407,syfp,0.03870968
408,syfp,0.03870968
409,syfp,0.03870968
410,syfp,0.03870968
411,syfp,0.03870968
412,syfp,0.03870968
413,syfp,0.03870968
414,syfp,0.03870968
415,syfp,0.03870968
416,syfp,0.03870968
417,syfp,0.03870968
418,syfp,0.03870968
419,syfp,0.03870968
420,syfp,0.03870968
421,syfp,0.03870968
422,syfp,0.03870968
423,syfp,0.03870968
424,syfp,0.03870968
425,syfp,0.03870968
426,syfp,0.03870968
427,syfp,0.03870968
428,syfp,0.03870968
429,syfp,0.03870968
430,syfp,0.03870968
431,syfp,0.03870968
432,syfp,0.03870968
433,syfp,0.03870968
434,syfp,0.03870968
435,syfp,0.03870968
436,syfp,0.04516129
437,syfp,0.04516129
438,syfp,0.04516129
439,syfp,0.04516129
440,syfp,0.0516129
441,syfp,0.0516129
442,syfp,0.0516129
443,syfp,0.0516129
444,syfp,0.05806452
445,syfp,0.05806452
446,syfp,0.05806452
447,syfp,0.06451613
448,syfp,0.06451613
449,syfp,0.07096774
450,syfp,0.07096774
451,syfp,0.07741936
452,syfp,0.07741936
453,syfp,0.08387097
454,syfp,0.08387097
455,syfp,0.08387097
456,syfp,0.09032258
457,syfp,0.09677419
458,syfp,0.09677419
459,syfp,0.1032258
460,syfp,0.1032258
461,syfp,0.1096774
462,syfp,0.116129
463,syfp,0.1225807
464,syfp,0.1225807
465,syfp,0.1290323
466,syfp,0.1354839
467,syfp,0.1483871
468,syfp,0.1548387
469,syfp,0.1612903
470,syfp,0.1741936
471,syfp,0.1806452
472,syfp,0.1935484
473,syfp,0.2064516
474,syfp,0.2193548
475,syfp,0.2322581
476,syfp,0.2451613
477,syfp,0.2645161
478,syfp,0.2774194
479,syfp,0.2967742
480,syfp,0.3096774
481,syfp,0.3225806
482,syfp,0.3354839
483,syfp,0.3419355
484,syfp,0.3483871
485,syfp,0.3548387
486,syfp,0.3612903
487,syfp,0.3677419
488,syfp,0.3741936
489,syfp,0.3741936
490,syfp,0.3806452
491,syfp,0.3806452
492,syfp,0.3870968
493,syfp,0.3935484
494,syfp,0.4
495,syfp,0.4129032
496,syfp,0.4258065
497,syfp,0.4387097
498,syfp,0.4516129
499,syfp,0.4709677
500,syfp,0.4903226
501,syfp,0.516129
502,syfp,0.5419355
503,syfp,0.5677419
504,syfp,0.6
505,syfp,0.6322581
506,syfp,0.6709678
507,syfp,0.716129
508,syfp,0.7612903
509,syfp,0.8
510,syfp,0.8451613
511,syfp,0.8903226
512,syfp,0.9290323
513,syfp,0.9548387
514,syfp,0.9806452
515,syfp,0.9935484
516,syfp,1
517,syfp,0.9870968
518,syfp,0.9612903
519,syfp,0.9225807
520,syfp,0.8709678
521,syfp,0.8129032
522,syfp,0.7419355
523,syfp,0.6709678
524,syfp,0.6
525,syfp,0.5290322
526,syfp,0.4580645
527,syfp,0.3935484
528,syfp,0.3354839
529,syfp,0.2903226
530,syfp,0.2451613
531,syfp,0.2064516
532,syfp,0.1677419
533,syfp,0.1419355
534,syfp,0.116129
535,syfp,0.09677419
536,syfp,0.08387097
537,syfp,0.06451613
538,syfp,0.05806452
539,syfp,0.04516129
540,syfp,0.03870968
541,syfp,0.03225806
542,syfp,0.02580645
543,syfp,0.02580645
544,syfp,0.01935484
545,syfp,0.01935484
546,syfp,0.01935484
547,syfp,0.01290323
548,syfp,0.01290323
549,syfp,0.01290323
550,syfp,0.01290323
551,syfp,0.006451613
552,syfp,0.006451613
553,syfp,0.006451613
554,syfp,0.006451613
555,syfp,0.006451613
556,syfp,0.006451613
557,syfp,0.006451613
558,syfp,0.006451613
559,syfp,0.006451613
560,syfp,0.006451613
561,syfp,0.006451613
562,syfp,0.006451613
563,syfp,0.006451613
564,syfp,0.006451613
565,syfp,0.006451613
566,syfp,0.006451613
567,syfp,0.006451613
568,syfp,0.006451613
569,syfp,0.006451613
570,syfp,0.006451613
571,syfp,0.006451613
572,syfp,0.006451613
573,syfp,0.006451613
574,syfp,0.006451613
575,syfp,0.006451613
576,syfp,0.006451613
577,syfp,0.006451613
578,syfp,0.006451613
579,syfp,0.006451613
580,syfp,0.006451613
581,syfp,0.006451613
582,syfp,0.006451613
583,syfp,0.006451613
584,syfp,0.006451613
585,syfp,0.006451613
586,syfp,0.006451613
587,syfp,0.006451613
588,syfp,0.006451613
589,syfp,0.006451613
590,syfp,0.006451613
591,syfp,0.006451613
592,syfp,0
593,syfp,0.006451613
594,syfp,0
595,syfp,0
596,syfp,0
597,syfp,0
598,syfp,0.006451613
599,syfp,0
600,syfp,0
601,syfp,0.006451613
602,syfp,0.006451613
603,syfp,0.006451613
604,syfp,0.006451613
605,syfp,0
606,syfp,0
607,syfp,0
608,syfp,0
609,syfp,0.006451613
610,syfp,0
611,syfp,0
612,syfp,0
613,syfp,0
614,syfp,0
615,syfp,0
616,syfp,0
617,syfp,0
618,syfp,0
619,syfp,0
620,syfp,0
621,syfp,0
622,syfp,0
623,syfp,0
624,syfp,0
625,syfp,0
626,syfp,0
627,syfp,0
628,syfp,0
629,syfp,0
630,syfp,0
631,syfp,0
632,syfp,0
633,syfp,0
634,syfp,0
635,syfp,0
636,syfp,0
637,syfp,0
638,syfp,0
639,syfp,0
640,syfp,0
641,syfp,0
642,syfp,0
643,syfp,0
644,syfp,0
645,syfp,0
646,syfp,0
647,syfp,0
648,syfp,0
649,syfp,0
650,syfp,0
651,syfp,0
652,syfp,0
653,syfp,0
654,syfp,0
655,syfp,0
656,syfp,0
657,syfp,0
658,syfp,0
659,syfp,0
660,syfp,0
661,syfp,0
662,syfp,0
663,syfp,0
664,syfp,0
665,syfp,0
666,syfp,0
667,syfp,0
668,syfp,0
669,syfp,0
670,syfp,0
671,syfp,0
672,syfp,0
673,syfp,0
674,syfp,0
675,syfp,0
676,syfp,0
677,syfp,0
678,syfp,0
679,syfp,0
680,syfp,0
681,syfp,0
682,syfp,0
683,syfp,0
684,syfp,0
685,syfp,0
686,syfp,0
687,syfp,0
688,syfp,0
689,syfp,0
690,syfp,0
691,syfp,0
692,syfp,0
693,syfp,0
694,syfp,0
695,syfp,0
696,syfp,0
697,syfp,0
698,syfp,0
699,syfp,0
700,syfp,0
701,syfp,0
702,syfp,0
703,syfp,0
704,syfp,0
705,syfp,0
706,syfp,0
707,syfp,0
708,syfp,0
709,syfp,0
710,syfp,0
711,syfp,0
712,syfp,0
713,syfp,0
714,syfp,0
715,syfp,0
716,syfp,0
717,syfp,0
718,syfp,0
719,syfp,0
720,syfp,0
260,mor,0.9716312
261,mor,0.9787234
262,mor,0.9929078
263,mor,1.014184
264,mor,1.042553
265,mor,1.070922
266,mor,1.092199
267,mor,1.113475
268,mor,1.141844
269,mor,1.170213
270,mor,1.184397
271,mor,1.198582
272,mor,1.219858
273,mor,1.248227
274,mor,1.262411
275,mor,1.283688
276,mor,1.29078
277,mor,1.297872
278,mor,1.29078
279,mor,1.283688
280,mor,1.269504
281,mor,1.248227
282,mor,1.22695
283,mor,1.212766
284,mor,1.184397
285,mor,1.134752
286,mor,1.049645
287,mor,0.9574468
288,mor,0.8723404
289,mor,0.8085107
290,mor,0.7730497
291,mor,0.7517731
292,mor,0.7092199
293,mor,0.6382979
294,mor,0.5673759
295,mor,0.5106383
296,mor,0.4539007
297,mor,0.4113475
298,mor,0.3971631
299,mor,0.3617021
300,mor,0.3333333
301,mor,0.3120568
302,mor,0.2978723
303,mor,0.2765957
304,mor,0.2624114
305,mor,0.2553192
306,mor,0.2411348
307,mor,0.2340426
308,mor,0.2340426
309,mor,0.2269504
310,mor,0.2269504
311,mor,0.2269504
312,mor,0.2269504
313,mor,0.2269504
314,mor,0.2269504
315,mor,0.2269504
316,mor,0.2340426
317,mor,0.2340426
318,mor,0.2340426
319,mor,0.2340426
320,mor,0.2340426
321,mor,0.2411348
322,mor,0.2411348
323,mor,0.2411348
324,mor,0.248227
325,mor,0.248227
326,mor,0.248227
327,mor,0.248227
328,mor,0.248227
329,mor,0.248227
330,mor,0.2340426
331,mor,0.2340426
332,mor,0.2269504
333,mor,0.2198582
334,mor,0.212766
335,mor,0.212766
336,mor,0.1985816
337,mor,0.1985816
338,mor,0.1985816
339,mor,0.1914894
340,mor,0.1843972
341,mor,0.1843972
342,mor,0.1914894
343,mor,0.1843972
344,mor,0.1843972
345,mor,0.1843972
346,mor,0.177305
347,mor,0.1843972
348,mor,0.1914894
349,mor,0.1843972
350,mor,0.1843972
351,mor,0.1843972
352,mor,0.1843972
353,mor,0.1843972
354,mor,0.1843972
355,mor,0.1843972
356,mor,0.1914894
357,mor,0.1914894
358,mor,0.1843972
359,mor,0.1985816
360,mor,0.1843972
361,mor,0.1914894
362,mor,0.1914894
363,mor,0.1914894
364,mor,0.1985816
365,mor,0.1985816
366,mor,0.1985816
367,mor,0.1985816
368,mor,0.2056738
369,mor,0.2056738
370,mor,0.2056738
371,mor,0.2056738
372,mor,0.212766
373,mor,0.212766
374,mor,0.212766
375,mor,0.212766
376,mor,0.212766
377,mor,0.2198582
378,mor,0.2198582
379,mor,0.2198582
380,mor,0.2198582
381,mor,0.2198582
382,mor,0.2269504
383,mor,0.2269504
384,mor,0.2269504
385,mor,0.2269504
386,mor,0.2269504
387,mor,0.2269504
388,mor,0.2269504
389,mor,0.2269504
390,mor,0.2269504
391,mor,0.2269504
392,mor,0.2269504
393,mor,0.2269504
394,mor,0.2269504
395,mor,0.2269504
396,mor,0.2269504
397,mor,0.2269504
398,mor,0.2269504
399,mor,0.2198582
400,mor,0.2198582
401,mor,0.2198582
402,mor,0.2198582
403,mor,0.2198582
404,mor,0.212766
405,mor,0.212766
406,mor,0.212766
407,mor,0.212766
408,mor,0.2056738
409,mor,0.2056738
410,mor,0.2056738
411,mor,0.1985816
412,mor,0.1985816
413,mor,0.1985816
414,mor,0.1914894
415,mor,0.1914894
416,mor,0.1843972
417,mor,0.1843972
418,mor,0.1843972
419,mor,0.177305
420,mor,0.177305
421,mor,0.1702128
422,mor,0.1702128
423,mor,0.1702128
424,mor,0.1702128
425,mor,0.1631206
426,mor,0.1631206
427,mor,0.1631206
428,mor,0.1631206
429,mor,0.1631206
430,mor,0.1631206
431,mor,0.1631206
432,mor,0.1631206
433,mor,0.1631206
434,mor,0.1631206
435,mor,0.1631206
436,mor,0.1631206
437,mor,0.1631206
438,mor,0.1702128
439,mor,0.1702128
440,mor,0.1702128
441,mor,0.1702128
442,mor,0.177305
443,mor,0.177305
444,mor,0.1843972
445,mor,0.1843972
446,mor,0.1843972
447,mor,0.1914894
448,mor,0.1985816
449,mor,0.1985816
450,mor,0.2056738
451,mor,0.212766
452,mor,0.2198582
453,mor,0.2198582
454,mor,0.2269504
455,mor,0.2340426
456,mor,0.2411348
457,mor,0.248227
458,mor,0.2624114
459,mor,0.2695035
460,mor,0.2765957
461,mor,0.283688
462,mor,0.2978723
463,mor,0.3049645
464,mor,0.3120568
465,mor,0.3191489
466,mor,0.3262411
467,mor,0.3404255
468,mor,0.3475177
469,mor,0.3546099
470,mor,0.3617021
471,mor,0.3687943
472,mor,0.3758865
473,mor,0.3829787
474,mor,0.3971631
475,mor,0.4042553
476,mor,0.4113475
477,mor,0.4255319
478,mor,0.4326241
479,mor,0.4468085
480,mor,0.4539007
481,mor,0.4680851
482,mor,0.4822695
483,mor,0.4964539
484,mor,0.5106383
485,mor,0.5248227
486,mor,0.5390071
487,mor,0.5531915
488,mor,0.5744681
489,mor,0.5886525
490,mor,0.6028369
491,mor,0.6241135
492,mor,0.6382979
493,mor,0.6524823
494,mor,0.6595745
495,mor,0.6737589
496,mor,0.680851
497,mor,0.6879433
498,mor,0.6950355
499,mor,0.6950355
500,mor,0.6950355
501,mor,0.6950355
502,mor,0.6950355
503,mor,0.6879433
504,mor,0.680851
505,mor,0.6737589
506,mor,0.6666667
507,mor,0.6595745
508,mor,0.6524823
509,mor,0.6453901
510,mor,0.6382979
511,mor,0.6312057
512,mor,0.6170213
513,mor,0.6099291
514,mor,0.6028369
515,mor,0.5957447
516,mor,0.5886525
517,mor,0.5815603
518,mor,0.5744681
519,mor,0.5673759
520,mor,0.5673759
521,mor,0.5673759
522,mor,0.5673759
523,mor,0.5673759
524,mor,0.5744681
525,mor,0.5815603
526,mor,0.5886525
527,mor,0.6028369
528,mor,0.6170213
529,mor,0.6312057
530,mor,0.6453901
531,mor,0.6666667
532,mor,0.6879433
533,mor,0.7092199
534,mor,0.7375886
535,mor,0.7588652
536,mor,0.7872341
537,mor,0.8156028
538,mor,0.8439716
539,mor,0.8723404
540,mor,0.9007092
541,mor,0.929078
542,mor,0.9503546
543,mor,0.9716312
544,mor,0.9858156
545,mor,0.9929078
546,mor,1
547,mor,0.9929078
548,mor,0.9787234
549,mor,0.964539
550,mor,0.9361702
551,mor,0.9007092
552,mor,0.858156
553,mor,0.8156028
554,mor,0.7659575
555,mor,0.7163121
556,mor,0.6666667
557,mor,0.6170213
558,mor,0.5602837
559,mor,0.5106383
560,mor,0.4609929
561,mor,0.4184397
562,mor,0.3758865
563,mor,0.3404255
564,mor,0.3049645
565,mor,0.2765957
566,mor,0.248227
567,mor,0.2198582
568,mor,0.1985816
569,mor,0.1843972
570,mor,0.1702128
571,mor,0.1560284
572,mor,0.141844
573,mor,0.1276596
574,mor,0.1205674
575,mor,0.1134752
576,mor,0.106383
577,mor,0.09929078
578,mor,0.09219858
579,mor,0.09219858
580,mor,0.08510638
581,mor,0.07801419
582,mor,0.07801419
583,mor,0.07801419
584,mor,0.07092199
585,mor,0.07092199
586,mor,0.07092199
587,mor,0.06382979
588,mor,0.06382979
589,mor,0.06382979
590,mor,0.06382979
591,mor,0.06382979
592,mor,0.06382979
593,mor,0.05673759
594,mor,0.05673759
595,mor,0.05673759
596,mor,0.05673759
597,mor,0.05673759
598,mor,0.05673759
599,mor,0.05673759
600,mor,0.05673759
260,msc,0.352459
261,msc,0.3565574
262,msc,0.3647541
263,msc,0.3688525
264,msc,0.3811475
265,msc,0.3934426
266,msc,0.4016393
267,msc,0.4098361
268,msc,0.4221312
269,msc,0.4303279
270,msc,0.4385246
271,msc,0.4467213
272,msc,0.454918
273,msc,0.4672131
274,msc,0.4754098
275,msc,0.4877049
276,msc,0.4918033
277,msc,0.4959016
278,msc,0.4959016
279,msc,0.4918033
280,msc,0.4877049
281,msc,0.4836066
282,msc,0.4836066
283,msc,0.4836066
284,msc,0.4713115
285,msc,0.4467213
286,msc,0.4098361
287,msc,0.3770492
288,msc,0.3483607
289,msc,0.3278689
290,msc,0.3155738
291,msc,0.2991803
292,msc,0.2704918
293,msc,0.2418033
294,msc,0.2172131
295,msc,0.1967213
296,msc,0.1762295
297,msc,0.1598361
298,msc,0.147541
299,msc,0.1229508
300,msc,0.1188525
301,msc,0.1065574
302,msc,0.09836066
303,msc,0.09426229
304,msc,0.08196721
305,msc,0.07377049
306,msc,0.06967213
307,msc,0.06147541
308,msc,0.06147541
309,msc,0.05737705
310,msc,0.05327869
311,msc,0.05327869
312,msc,0.05327869
313,msc,0.05327869
314,msc,0.05327869
315,msc,0.05327869
316,msc,0.05737705
317,msc,0.05737705
318,msc,0.06147541
319,msc,0.06147541
320,msc,0.06557377
321,msc,0.06967213
322,msc,0.06967213
323,msc,0.07377049
324,msc,0.07377049
325,msc,0.07786885
326,msc,0.08196721
327,msc,0.08606558
328,msc,0.08606558
329,msc,0.09016393
330,msc,0.09426229
331,msc,0.09426229
332,msc,0.09836066
333,msc,0.1065574
334,msc,0.1106557
335,msc,0.1147541
336,msc,0.1147541
337,msc,0.1229508
338,msc,0.1270492
339,msc,0.1270492
340,msc,0.1270492
341,msc,0.1270492
342,msc,0.1270492
343,msc,0.1188525
344,msc,0.1147541
345,msc,0.1106557
346,msc,0.1106557
347,msc,0.102459
348,msc,0.09836066
349,msc,0.09426229
350,msc,0.09016393
351,msc,0.08606558
352,msc,0.08196721
353,msc,0.08196721
354,msc,0.07786885
355,msc,0.08196721
356,msc,0.07377049
357,msc,0.06967213
358,msc,0.06967213
359,msc,0.06967213
360,msc,0.06967213
361,msc,0.06557377
362,msc,0.06557377
363,msc,0.06557377
364,msc,0.06557377
365,msc,0.06147541
366,msc,0.06147541
367,msc,0.05737705
368,msc,0.05737705
369,msc,0.05327869
370,msc,0.05327869
371,msc,0.04918033
372,msc,0.04918033
373,msc,0.04508197
374,msc,0.04508197
375,msc,0.04098361
376,msc,0.04098361
377,msc,0.03688525
378,msc,0.03688525
379,msc,0.03278688
380,msc,0.03278688
381,msc,0.03278688
382,msc,0.03278688
383,msc,0.02868853
384,msc,0.02868853
385,msc,0.02868853
386,msc,0.02459016
387,msc,0.02459016
388,msc,0.02459016
389,msc,0.0204918
390,msc,0.0204918
391,msc,0.01639344
392,msc,0.01639344
393,msc,0.01229508
394,msc,0.01229508
395,msc,0.01229508
396,msc,0.008196721
397,msc,0.008196721
398,msc,0.008196721
399,msc,0.008196721
400,msc,0.008196721
401,msc,0.008196721
402,msc,0.008196721
403,msc,0.008196721
404,msc,0.004098361
405,msc,0.004098361
406,msc,0.004098361
407,msc,0.004098361
408,msc,0.004098361
409,msc,0.004098361
410,msc,0.004098361
411,msc,0.004098361
412,msc,0.004098361
413,msc,0.004098361
414,msc,0.004098361
415,msc,0.004098361
416,msc,0.004098361
417,msc,0.004098361
418,msc,0.004098361
419,msc,0.004098361
420,msc,0.004098361
421,msc,0.004098361
422,msc,0.004098361
423,msc,0.008196721
424,msc,0.008196721
425,msc,0.008196721
426,msc,0.008196721
427,msc,0.008196721
428,msc,0.008196721
429,msc,0.008196721
430,msc,0.008196721
431,msc,0.008196721
432,msc,0.008196721
433,msc,0.008196721
434,msc,0.008196721
435,msc,0.008196721
436,msc,0.008196721
437,msc,0.008196721
438,msc,0.008196721
439,msc,0.01229508
440,msc,0.01229508
441,msc,0.01229508
442,msc,0.01229508
443,msc,0.01229508
444,msc,0.01229508
445,msc,0.01229508
446,msc,0.01639344
447,msc,0.01639344
448,msc,0.01639344
449,msc,0.01639344
450,msc,0.01639344
451,msc,0.0204918
452,msc,0.0204918
453,msc,0.0204918
454,msc,0.02459016
455,msc,0.02459016
456,msc,0.02459016
457,msc,0.02459016
458,msc,0.02868853
459,msc,0.02868853
460,msc,0.03278688
461,msc,0.03278688
462,msc,0.03278688
463,msc,0.03688525
464,msc,0.03688525
465,msc,0.04098361
466,msc,0.04098361
467,msc,0.04098361
468,msc,0.04508197
469,msc,0.04508197
470,msc,0.04918033
471,msc,0.04918033
472,msc,0.05327869
473,msc,0.05327869
474,msc,0.05737705
475,msc,0.06147541
476,msc,0.06557377
477,msc,0.06557377
478,msc,0.06967213
479,msc,0.07377049
480,msc,0.07786885
481,msc,0.08196721
482,msc,0.08606558
483,msc,0.09426229
484,msc,0.09836066
485,msc,0.102459
486,msc,0.1065574
487,msc,0.1147541
488,msc,0.1188525
489,msc,0.1229508
490,msc,0.1270492
491,msc,0.1352459
492,msc,0.1393443
493,msc,0.1434426
494,msc,0.147541
495,msc,0.1516393
496,msc,0.1557377
497,msc,0.1598361
498,msc,0.1639344
499,msc,0.1680328
500,msc,0.1721312
501,msc,0.1803279
502,msc,0.1844262
503,msc,0.1885246
504,msc,0.1926229
505,msc,0.1967213
506,msc,0.204918
507,msc,0.2131148
508,msc,0.2172131
509,msc,0.2254098
510,msc,0.2336066
511,msc,0.2459016
512,msc,0.2540984
513,msc,0.2663935
514,msc,0.2786885
515,msc,0.2909836
516,msc,0.3032787
517,msc,0.3196721
518,msc,0.3360656
519,msc,0.352459
520,msc,0.3647541
521,msc,0.3811475
522,msc,0.397541
523,msc,0.4139344
524,msc,0.4262295
525,msc,0.4385246
526,msc,0.4508197
527,msc,0.4590164
528,msc,0.4672131
529,msc,0.4754098
530,msc,0.4795082
531,msc,0.4836066
532,msc,0.4836066
533,msc,0.4877049
534,msc,0.4877049
535,msc,0.4877049
536,msc,0.4836066
537,msc,0.4836066
538,msc,0.4836066
539,msc,0.4836066
540,msc,0.4877049
541,msc,0.4877049
542,msc,0.4918033
543,msc,0.4959016
544,msc,0.5040984
545,msc,0.5122951
546,msc,0.5204918
547,msc,0.5327869
548,msc,0.545082
549,msc,0.5614754
550,msc,0.5778689
551,msc,0.5942623
552,msc,0.6147541
553,msc,0.6352459
554,msc,0.6557377
555,msc,0.6803279
556,msc,0.7090164
557,msc,0.7377049
558,msc,0.7663934
559,msc,0.795082
560,msc,0.8278689
561,msc,0.8565574
562,msc,0.8852459
563,msc,0.9139344
564,msc,0.9385246
565,msc,0.9590164
566,msc,0.9795082
567,msc,0.9918033
568,msc,1
569,msc,1
570,msc,0.9959016
571,msc,0.9836066
572,msc,0.9631147
573,msc,0.9385246
574,msc,0.9057377
575,msc,0.8688524
576,msc,0.8278689
577,msc,0.7827869
578,msc,0.7336066
579,msc,0.6844263
580,msc,0.6311476
581,msc,0.5819672
582,msc,0.5327869
583,msc,0.4836066
584,msc,0.4385246
585,msc,0.3934426
586,msc,0.352459
587,msc,0.3155738
588,msc,0.2786885
589,msc,0.25
590,msc,0.2213115
591,msc,0.1926229
592,msc,0.1721312
593,msc,0.1516393
594,msc,0.1311475
595,msc,0.1147541
596,msc,0.102459
597,msc,0.08606558
598,msc,0.07786885
599,msc,0.06557377
600,msc,0.05737705
601,msc,0.04918033
602,msc,0.04508197
603,msc,0.03688525
604,msc,0.03278688
605,msc,0.02868853
606,msc,0.02459016
607,msc,0.0204918
608,msc,0.01639344
609,msc,0.01639344
610,msc,0.01229508
611,msc,0.01229508
612,msc,0.008196721
613,msc,0.008196721
614,msc,0.008196721
615,msc,0.004098361
616,msc,0.004098361
617,msc,0.004098361
618,msc,0.004098361
619,msc,0.004098361
620,msc,0.004098361
621,msc,0.004098361
400,mca,0.054896
401,mca,0.053022
402,mca,0.051821
403,mca,0.050569
404,mca,0.048695
405,mca,0.046359
406,mca,0.043722
407,mca,0.041177
408,mca,0.039164
409,mca,0.036619
410,mca,0.034367
411,mca,0.032756
412,mca,0.030952
413,mca,0.029162
414,mca,0.028039
415,mca,0.026471
416,mca,0.025956
417,mca,0.024665
418,mca,0.023417
419,mca,0.02295
420,mca,0.022377
421,mca,0.021825
422,mca,0.021697
423,mca,0.021065
424,mca,0.021191
425,mca,0.021106
426,mca,0.020889
427,mca,0.020743
428,mca,0.021054
429,mca,0.021043
430,mca,0.021244
431,mca,0.021586
432,mca,0.021346
433,mca,0.021461
434,mca,0.021628
435,mca,0.022307
436,mca,0.022427
437,mca,0.022629
438,mca,0.022858
439,mca,0.022831
440,mca,0.023339
441,mca,0.023395
442,mca,0.023733
443,mca,0.023536
444,mca,0.024107
445,mca,0.024141
446,mca,0.024314
447,mca,0.025334
448,mca,0.02542
449,mca,0.025777
450,mca,0.025841
451,mca,0.026191
452,mca,0.026482
453,mca,0.026999
454,mca,0.026698
455,mca,0.027293
456,mca,0.027665
457,mca,0.028186
458,mca,0.028583
459,mca,0.028915
460,mca,0.029227
461,mca,0.030108
462,mca,0.030556
463,mca,0.031161
464,mca,0.031827
465,mca,0.032327
466,mca,0.032681
467,mca,0.033207
468,mca,0.034479
469,mca,0.03504
470,mca,0.035824
471,mca,0.036098
472,mca,0.036649
473,mca,0.03798
474,mca,0.038316
475,mca,0.038997
476,mca,0.040186
477,mca,0.040672
478,mca,0.042007
479,mca,0.042762
480,mca,0.04438
481,mca,0.045351
482,mca,0.046708
483,mca,0.047073
484,mca,0.049158
485,mca,0.049739
486,mca,0.050285
487,mca,0.053054
488,mca,0.05381
489,mca,0.055835
490,mca,0.057654
491,mca,0.059547
492,mca,0.061064
493,mca,0.063337
494,mca,0.065793
495,mca,0.068025
496,mca,0.069596
497,mca,0.072442
498,mca,0.07582
499,mca,0.078653
500,mca,0.081719
501,mca,0.085289
502,mca,0.088234
503,mca,0.091687
504,mca,0.095955
505,mca,0.099496
506,mca,0.103529
507,mca,0.107085
508,mca,0.111703
509,mca,0.114623
510,mca,0.119923
511,mca,0.123192
512,mca,0.12863
513,mca,0.132701
514,mca,0.135459
515,mca,0.140742
516,mca,0.146927
517,mca,0.15012
518,mca,0.153789
519,mca,0.159729
520,mca,0.163532
521,mca,0.16783
522,mca,0.174127
523,mca,0.17746
524,mca,0.184362
525,mca,0.189495
526,mca,0.195643
527,mca,0.201878
528,mca,0.206708
529,mca,0.21405
530,mca,0.221946
531,mca,0.226801
532,mca,0.233284
533,mca,0.240603
534,mca,0.251342
535,mca,0.260584
536,mca,0.270002
537,mca,0.278641
538,mca,0.287491
539,mca,0.298155
540,mca,0.310159
541,mca,0.320291
542,mca,0.331498
543,mca,0.341761
544,mca,0.355424
545,mca,0.367427
546,mca,0.378717
547,mca,0.390218
548,mca,0.403908
549,mca,0.416729
550,mca,0.423734
551,mca,0.437451
552,mca,0.444645
553,mca,0.461339
554,mca,0.469751
555,mca,0.479125
556,mca,0.486903
557,mca,0.496205
558,mca,0.504994
559,mca,0.511247
560,mca,0.516705
561,mca,0.524096
562,mca,0.527156
563,mca,0.535314
564,mca,0.537023
565,mca,0.54573
566,mca,0.54616
567,mca,0.555732
568,mca,0.560924
569,mca,0.566449
570,mca,0.571499
571,mca,0.580588
572,mca,0.588866
573,mca,0.593767
574,mca,0.60124
575,mca,0.613095
576,mca,0.622191
577,mca,0.638309
578,mca,0.643094
579,mca,0.657307
580,mca,0.669714
581,mca,0.681845
582,mca,0.70126
583,mca,0.7159
584,mca,0.730738
585,mca,0.748636
586,mca,0.762449
587,mca,0.772589
588,mca,0.79323
589,mca,0.805684
590,mca,0.82684
591,mca,0.84409
592,mca,0.863915
593,mca,0.881468
594,mca,0.895458
595,mca,0.913752
596,mca,0.927846
597,mca,0.943393
598,mca,0.958286
599,mca,0.968833
600,mca,0.979744
601,mca,0.987841
602,mca,0.987058
603,mca,0.993773
604,mca,1
605,mca,0.989454
606,mca,0.984678
607,mca,0.979233
608,mca,0.967509
609,mca,0.948098
610,mca,0.932356
611,mca,0.91772
612,mca,0.887213
613,mca,0.865598
614,mca,0.837358
615,mca,0.80811
616,mca,0.77583
617,mca,0.746384
618,mca,0.710566
619,mca,0.680295
620,mca,0.646362
621,mca,0.605575
622,mca,0.573062
623,mca,0.541886
624,mca,0.506772
625,mca,0.473
626,mca,0.446696
627,mca,0.41858
628,mca,0.388223
629,mca,0.359945
630,mca,0.329406
631,mca,0.306554
632,mca,0.284286
633,mca,0.261422
634,mca,0.242501
635,mca,0.220719
636,mca,0.200748
637,mca,0.183635
638,mca,0.171545
639,mca,0.156593
640,mca,0.14357
641,mca,0.132194
642,mca,0.118275
643,mca,0.107616
644,mca,0.098939
645,mca,0.0921
646,mca,0.084337
647,mca,0.075047
648,mca,0.068813
649,mca,0.062342
650,mca,0.055329
651,mca,0.049498
652,mca,0.045912
653,mca,0.041053
654,mca,0.036738
655,mca,0.033265
656,mca,0.029397
657,mca,0.026199
658,mca,0.023776
659,mca,0.021975
660,mca,0.019527
661,mca,0.016907
662,mca,0.016396
663,mca,0.014449
664,mca,0.012484
665,mca,0.011056
666,mca,0.010135
667,mca,0.009017
668,mca,0.00824
669,mca,0.007691
670,mca,0.00687
671,mca,0.006279
672,mca,0.005381
673,mca,0.004792
674,mca,0.004356
675,mca,0.004098
676,mca,0.003609
677,mca,0.003179
678,mca,0.002872
679,mca,0.002508
680,mca,0.002385
350,mbfp,0.111695
351,mbfp,0.120856
352,mbfp,0.130498
353,mbfp,0.140613
354,mbfp,0.151312
355,mbfp,0.162192
356,mbfp,0.172363
357,mbfp,0.18225
358,mbfp,0.194061
359,mbfp,0.208238
360,mbfp,0.221269
361,mbfp,0.230344
362,mbfp,0.238389
363,mbfp,0.250919
364,mbfp,0.269303
365,mbfp,0.290127
366,mbfp,0.31003
367,mbfp,0.329049
368,mbfp,0.349499
369,mbfp,0.372329
370,mbfp,0.395604
371,mbfp,0.417615
372,mbfp,0.439767
373,mbfp,0.464603
374,mbfp,0.49197
375,mbfp,0.517813
376,mbfp,0.537412
377,mbfp,0.551475
378,mbfp,0.567182
379,mbfp,0.590286
380,mbfp,0.618944
381,mbfp,0.647391
382,mbfp,0.671777
383,mbfp,0.691882
384,mbfp,0.710377
385,mbfp,0.729636
386,mbfp,0.749093
387,mbfp,0.768332
388,mbfp,0.790205
389,mbfp,0.816122
390,mbfp,0.841138
391,mbfp,0.859766
392,mbfp,0.873868
393,mbfp,0.88839
394,mbfp,0.904336
395,mbfp,0.921816
396,mbfp,0.942159
397,mbfp,0.96293
398,mbfp,0.978633
399,mbfp,0.987771
400,mbfp,0.993701
401,mbfp,0.99863
402,mbfp,1
403,mbfp,0.993318
404,mbfp,0.977909
405,mbfp,0.958802
406,mbfp,0.941599
407,mbfp,0.926572
408,mbfp,0.909425
409,mbfp,0.88677
410,mbfp,0.859612
411,mbfp,0.83152
412,mbfp,0.80429
413,mbfp,0.77706
414,mbfp,0.748958
415,mbfp,0.720285
416,mbfp,0.691271
417,mbfp,0.661268
418,mbfp,0.629607
419,mbfp,0.596362
420,mbfp,0.562314
421,mbfp,0.529089
422,mbfp,0.497716
423,mbfp,0.466859
424,mbfp,0.435081
425,mbfp,0.403681
426,mbfp,0.374954
427,mbfp,0.349227
428,mbfp,0.324937
429,mbfp,0.30073
430,mbfp,0.27674
431,mbfp,0.253903
432,mbfp,0.232572
433,mbfp,0.212407
434,mbfp,0.193113
435,mbfp,0.174785
436,mbfp,0.157848
437,mbfp,0.142513
438,mbfp,0.128301
439,mbfp,0.114547
440,mbfp,0.101206
441,mbfp,0.0888734
442,mbfp,0.0780944
443,mbfp,0.0687888
444,mbfp,0.0604344
445,mbfp,0.0526567
446,mbfp,0.0454888
447,mbfp,0.0391539
448,mbfp,0.0338756
449,mbfp,0.0301243
450,mbfp,0.0287197
641,mca,0.132194
642,mca,0.118275
643,mca,0.107616
644,mca,0.098939
645,mca,0.0921
646,mca,0.084337
647,mca,0.075047
648,mca,0.068813
649,mca,0.062342
650,mca,0.055329
651,mca,0.049498
652,mca,0.045912
653,mca,0.041053
654,mca,0.036738
655,mca,0.033265
656,mca,0.029397
657,mca,0.026199
658,mca,0.023776
659,mca,0.021975
660,mca,0.019527
661,mca,0.016907
662,mca,0.016396
663,mca,0.014449
664,mca,0.012484
665,mca,0.011056
666,mca,0.010135
667,mca,0.009017
668,mca,0.00824
669,mca,0.007691
670,mca,0.00687
671,mca,0.006279
672,mca,0.005381
673,mca,0.004792
674,mca,0.004356
675,mca,0.004098
676,mca,0.003609
677,mca,0.003179
678,mca,0.002872
679,mca,0.002508
680,mca,0.002385