species,area,mean fl,exp time,fl/exp,milifl/exp
ec_pMRE145,1.764,43.318,50,0.86636,866.36
ec_pMRE145,1.154,49.129,50,0.98258,982.58
ec_pMRE145,1.352,84.64,50,1.6928,1692.8
ec_pMRE145,1.781,80.222,50,1.60444,1604.44
ec_pMRE145,1.558,85.016,50,1.70032,1700.32
ec_pMRE145,1.74,71.668,50,1.43336,1433.36
ec_pMRE145,1.575,91.288,50,1.82576,1825.76
ec_pMRE145,1.872,105.374,50,2.10748,2107.48
ec_pMRE145,1.055,90.727,50,1.81454,1814.54
ec_pMRE145,1.599,70.861,50,1.41722,1417.22
ec_pMRE145,1.575,141.455,50,2.8291,2829.1
ec_pMRE145,1.954,92.717,50,1.85434,1854.34
ec_pMRE145,1.212,79.279,50,1.58558,1585.58
ec_pMRE145,1.352,161.134,50,3.22268,3222.68
ec_pMRE145,1.641,102.447,50,2.04894,2048.94
ec_pMRE145,1.534,108.269,50,2.16538,2165.38
ec_pMRE145,1.872,125.868,50,2.51736,2517.36
ec_pMRE145,1.814,74.65,50,1.493,1493
ec_pMRE145,1.542,78.15,50,1.563,1563
ec_pMRE145,1.468,102.876,50,2.05752,2057.52
ec_pMRE145,1.402,104.8,50,2.096,2096
ec_pMRE145,1.113,112.674,50,2.25348,2253.48
ec_pMRE145,1.468,137.657,50,2.75314,2753.14
ec_pMRE145,1.707,102.749,50,2.05498,2054.98
ec_pMRE145,1.369,105.777,50,2.11554,2115.54
ec_pMRE145,1.212,134.122,50,2.68244,2682.44
ec_pMRE145,1.121,128.412,50,2.56824,2568.24
ec_pMRE145,1.327,85.012,50,1.70024,1700.24
ec_pMRE145,1.36,100.455,50,2.0091,2009.1
ec_pMRE145,1.344,83.313,50,1.66626,1666.26
ec_pMRE145,1.822,88.674,50,1.77348,1773.48
ec_pMRE145,1.418,144.023,50,2.88046,2880.46
ec_pMRE145,1.22,81.649,50,1.63298,1632.98
ec_pMRE145,1.336,78.71,50,1.5742,1574.2
ec_pMRE145,1.36,42.545,50,0.8509,850.9
ec_pMRE145,1.261,1.065,50,0.0213,21.3
ec_pMRE145,1.088,72.894,50,1.45788,1457.88
ec_pMRE145,1.756,59.934,50,1.19868,1198.68
ec_pMRE145,1.74,68.118,50,1.36236,1362.36
ec_pMRE145,1.228,112.523,50,2.25046,2250.46
ec_pMRE145,1.154,87.2,50,1.744,1744
ec_pMRE145,1.319,87.075,50,1.7415,1741.5
ec_pMRE145,1.105,125.343,50,2.50686,2506.86
ec_pMRE145,1.303,63.848,50,1.27696,1276.96
ec_pMRE145,1.014,194.789,50,3.89578,3895.78
ec_pMRE145,1.121,54.096,50,1.08192,1081.92
ec_pMRE145,1.303,148.304,50,2.96608,2966.08
ec_pMRE145,1.294,121.248,50,2.42496,2424.96
ec_pMRE145,1.591,28.528,50,0.57056,570.56
ec_pMRE145,1.204,38.007,50,0.76014,760.14
ec_pMRE145,1.344,105.92,50,2.1184,2118.4
ec_pMRE145,1.426,79.064,50,1.58128,1581.28
ec_pMRE145,1.154,118.714,50,2.37428,2374.28
ec_pMRE145,1.105,26.134,50,0.52268,522.68
ec_pMRE145,1.525,97.303,50,1.94606,1946.06
ec_pMRE145,1.649,130.99,50,2.6198,2619.8
ec_pMRE145,1.237,20.067,50,0.40134,401.34
ec_pMRE145,1.113,136.926,50,2.73852,2738.52
ec_pMRE145,1.105,41.433,50,0.82866,828.66
ec_pMRE145,1.707,44.082,50,0.88164,881.64
ec_pMRE145,1.237,14.567,50,0.29134,291.34
ec_pMRE145,1.088,20.523,50,0.41046,410.46
ec_pMRE145,1.022,11.097,50,0.22194,221.94
ec_pMRE145,1.237,23.38,50,0.4676,467.6
ec_pMRE145,1.418,121.977,50,2.43954,2439.54
ec_pMRE145,1.352,22.427,50,0.44854,448.54
ec_pMRE145,1.088,49.136,50,0.98272,982.72
ec_pMRE145,1.88,37.518,50,0.75036,750.36
ec_pMRE145,1.905,121.996,50,2.43992,2439.92
ec_pMRE145,1.542,118.759,50,2.37518,2375.18
ec_pMRE145,1.781,138.625,50,2.7725,2772.5
ec_pMRE145,1.657,28.035,50,0.5607,560.7
ec_pMRE145,1.311,68.113,50,1.36226,1362.26
ec_pMRE145,1.336,17.975,50,0.3595,359.5
ec_pMRE145,1.146,77.705,50,1.5541,1554.1
ec_pMRE145,1.451,27.239,50,0.54478,544.78
ec_pMRE145,1.797,77.115,50,1.5423,1542.3
ec_pMRE145,1.187,52.507,50,1.05014,1050.14
ec_pMRE145,1.031,27.392,50,0.54784,547.84
ec_pMRE145,1.344,81.693,50,1.63386,1633.86
ec_pMRE145,1.872,87.881,50,1.75762,1757.62
ec_pMRE145,1.616,55.571,50,1.11142,1111.42
ec_pMRE145,1.105,25.321,50,0.50642,506.42
ec_pMRE145,1.228,26.168,50,0.52336,523.36
ec_pMRE145,1.534,72.946,50,1.45892,1458.92
ec_tn5,1.55,63.862,100,0.63862,638.62
ec_tn5,2.622,37.305,100,0.37305,373.05
ec_tn5,1.773,45.051,100,0.45051,450.51
ec_tn5,1.608,32.672,100,0.32672,326.72
ec_tn5,1.665,8.262,100,0.08262,82.62
ec_tn5,1.08,27.13,100,0.2713,271.3
ec_tn5,1.789,48.853,100,0.48853,488.53
ec_tn5,1.22,47.899,100,0.47899,478.99
ec_tn5,1.616,58.903,100,0.58903,589.03
ec_tn5,1.979,75.283,100,0.75283,752.83
ec_tn5,1.74,48.569,100,0.48569,485.69
ec_tn5,1.303,139.373,100,1.39373,1393.73
ec_tn5,2.251,44.586,100,0.44586,445.86
ec_tn5,1.138,48.543,100,0.48543,485.43
ec_tn5,1.402,40.618,100,0.40618,406.18
ec_tn5,1.294,95.096,100,0.95096,950.96
ec_tn5,1.517,26.332,100,0.26332,263.32
ec_tn5,1.698,48.578,100,0.48578,485.78
ec_tn5,1.657,34.522,100,0.34522,345.22
ec_tn5,1.492,89.017,100,0.89017,890.17
ec_tn5,2.16,55.229,100,0.55229,552.29
ec_tn5,1.781,55.273,100,0.55273,552.73
ec_tn5,2.424,76.265,100,0.76265,762.65
ec_tn5,1.327,65.342,100,0.65342,653.42
ec_tn5,1.575,45.921,100,0.45921,459.21
ec_tn5,1.195,151.634,100,1.51634,1516.34
ec_tn5,2.828,49.927,100,0.49927,499.27
ec_tn5,1.55,103.851,100,1.03851,1038.51
ec_tn5,1.542,29.914,100,0.29914,299.14
ec_tn5,1.542,59.684,100,0.59684,596.84
ec_tn5,1.336,52.444,100,0.52444,524.44
ec_tn5,1.27,61.331,100,0.61331,613.31
ec_tn5,2.985,84.406,100,0.84406,844.06
ec_tn5,2.465,76.177,100,0.76177,761.77
ec_tn5,1.245,48.152,100,0.48152,481.52
ec_tn5,1.195,8.49,100,0.0849,84.9
ec_tn5,1.649,105.68,100,1.0568,1056.8
ec_tn5,1.962,70.954,100,0.70954,709.54
ec_tn5,1.311,77.66,100,0.7766,776.6
ec_tn5,1.377,27.731,100,0.27731,277.31
ec_tn5,1.566,65.432,100,0.65432,654.32
ec_tn5,2.259,57.223,100,0.57223,572.23
ec_tn5,2.243,41.445,100,0.41445,414.45
ec_tn5,1.987,29.548,100,0.29548,295.48
ec_tn5,1.286,66.026,100,0.66026,660.26
ec_tn5,1.228,36.94,100,0.3694,369.4
ec_tn5,2.424,27.16,100,0.2716,271.6
ec_tn5,2.045,63.383,100,0.63383,633.83
ec_tn5,1.773,68.595,100,0.68595,685.95
ec_tn5,1.55,117.404,100,1.17404,1174.04
ec_tn5,2.243,76.309,100,0.76309,763.09
ec_tn5,2.086,28.534,100,0.28534,285.34
ec_tn5,1.921,83.468,100,0.83468,834.68
ec_tn5,1.509,85.918,100,0.85918,859.18
ec_tn5,1.558,9.677,100,0.09677,96.77
ec_tn5,1.393,40.769,100,0.40769,407.69
ec_tn5,1.286,95.141,100,0.95141,951.41
ec_tn5,1.558,49.81,100,0.4981,498.1
ec_tn5,2.028,42.248,100,0.42248,422.48
ec_tn5,1.039,75.262,100,0.75262,752.62
ec_tn5,1.278,97.187,100,0.97187,971.87
ec_tn7,1.27,113.708,200,0.56854,568.54
ec_tn7,1.228,140.832,200,0.70416,704.16
ec_tn7,1.872,113.084,200,0.56542,565.42
ec_tn7,1.319,73.744,200,0.36872,368.72
ec_tn7,1.863,99.73,200,0.49865,498.65
ec_tn7,1.385,67.637,200,0.338185,338.185
ec_tn7,1.509,167.361,200,0.836805,836.805
ec_tn7,1.336,126.093,200,0.630465,630.465
ec_tn7,1.937,87.655,200,0.438275,438.275
ec_tn7,1.476,155.609,200,0.778045,778.045
ec_tn7,1.855,92.893,200,0.464465,464.465
ec_tn7,1.863,132.942,200,0.66471,664.71
ec_tn7,1.402,59.265,200,0.296325,296.325
ec_tn7,1.154,82.679,200,0.413395,413.395
ec_tn7,1.286,65.808,200,0.32904,329.04
ec_tn7,1.278,97.555,200,0.487775,487.775
ec_tn7,1.665,46.46,200,0.2323,232.3
ec_tn7,1.179,51.105,200,0.255525,255.525
ec_tn7,0.973,48.822,200,0.24411,244.11
ec_tn7,1.624,170.995,200,0.854975,854.975
ec_tn7,1.393,106.467,200,0.532335,532.335
ec_tn7,1.171,162.021,200,0.810105,810.105
ec_tn7,1.311,83.698,200,0.41849,418.49
ec_tn7,1.806,32.744,200,0.16372,163.72
ec_tn7,1.237,66.613,200,0.333065,333.065
ec_tn7,1.237,89.507,200,0.447535,447.535
ec_tn7,1.377,125.018,200,0.62509,625.09
ec_tn7,1.913,94.073,200,0.470365,470.365
ec_tn7,1.303,111.348,200,0.55674,556.74
ec_tn7,1.476,90.363,200,0.451815,451.815
ec_tn7,1.509,26.142,200,0.13071,130.71
ec_tn7,1.212,109.177,200,0.545885,545.885
ec_tn7,1.311,119.522,200,0.59761,597.61
ec_tn7,1.476,42,200,0.21,210
ec_tn7,1.014,66.366,200,0.33183,331.83
brad396_tn5,4.716,99.201,300,0.33067,330.67
brad396_tn5,2.482,74.159,300,0.247196667,247.1966667
brad396_tn5,3.422,115.624,300,0.385413333,385.4133333
brad396_tn5,3.306,43.613,300,0.145376667,145.3766667
brad396_tn5,2.391,57.528,300,0.19176,191.76
brad396_tn5,2.028,63.854,300,0.212846667,212.8466667
brad396_tn5,1.039,3.198,300,0.01066,10.66
brad396_tn5,3.611,98.13,300,0.3271,327.1
brad396_tn5,3.595,104.706,300,0.34902,349.02
brad396_tn5,3.85,68.128,300,0.227093333,227.0933333
brad396_tn5,2.259,72.482,300,0.241606667,241.6066667
brad396_tn5,2.745,35.655,300,0.11885,118.85
brad396_tn5,3.389,55.47,300,0.1849,184.9
brad396_tn5,1.888,4.62,300,0.0154,15.4
brad396_tn5,5.532,46.35,300,0.1545,154.5
brad396_tn5,2.564,28.669,300,0.095563333,95.56333333
brad396_tn5,4.724,64.635,300,0.21545,215.45
brad396_tn5,2.589,36.927,300,0.12309,123.09
brad396_tn5,4.106,128.012,300,0.426706667,426.7066667
brad396_tn5,3.24,157.359,300,0.52453,524.53
brad396_tn5,2.539,54.782,300,0.182606667,182.6066667
brad396_tn5,5.013,82.757,300,0.275856667,275.8566667
brad396_tn5,5.178,35.368,300,0.117893333,117.8933333
brad396_tn5,1.863,3.735,300,0.01245,12.45
brad396_tn5,2.21,47.899,300,0.159663333,159.6633333
brad396_tn5,1.476,3.715,300,0.012383333,12.38333333
brad396_tn5,3.314,67.149,300,0.22383,223.83
brad396_tn5,2.63,107.915,300,0.359716667,359.7166667
brad396_tn5,1.806,51.685,300,0.172283333,172.2833333
brad396_tn5,2.729,48.613,300,0.162043333,162.0433333
brad396_tn5,2.276,78.12,300,0.2604,260.4
brad396_tn5,5.664,132.068,300,0.440226667,440.2266667
brad396_tn5,2.886,60.291,300,0.20097,200.97
brad396_tn5,4.139,182.261,300,0.607536667,607.5366667
brad396_tn5,3.727,56.252,300,0.187506667,187.5066667
brad396_tn5,4.881,129.061,300,0.430203333,430.2033333
brad396_tn5,3.71,112.496,300,0.374986667,374.9866667
brad396_tn5,2.3,145.075,300,0.483583333,483.5833333
brad396_tn5,3.339,131.499,300,0.43833,438.33
brad396_tn5,2.976,54.679,300,0.182263333,182.2633333
brad396_tn5,3.331,41.163,300,0.13721,137.21
brad396_tn5,3.413,86.87,300,0.289566667,289.5666667
brad396_tn5,5.178,48.033,300,0.16011,160.11
brad396_tn5,1.921,77.567,300,0.258556667,258.5566667
brad396_tn5,4.081,67.255,300,0.224183333,224.1833333
brad396_tn5,5.681,152.197,300,0.507323333,507.3233333
brad396_tn5,2.234,96.125,300,0.320416667,320.4166667
brad396_tn5,2.811,145.504,300,0.485013333,485.0133333
brad396_tn5,2.96,20.641,300,0.068803333,68.80333333
brad396_tn5,3.512,111.204,300,0.37068,370.68
brad396_tn5,3.265,128.639,300,0.428796667,428.7966667
brad396_tn5,1.682,25.402,300,0.084673333,84.67333333
brad396_tn5,2.036,96.255,300,0.32085,320.85
brad396_tn5,2.259,109.343,300,0.364476667,364.4766667
brad396_tn5,1.245,112.53,300,0.3751,375.1
brad396_tn5,5.738,38.444,300,0.128146667,128.1466667
brad396_tn5,2.68,15.772,300,0.052573333,52.57333333
brad396_tn5,3.619,97.112,300,0.323706667,323.7066667
brad396_tn5,2.729,29.278,300,0.097593333,97.59333333
brad396_tn5,4.469,173.666,300,0.578886667,578.8866667
brad396_tn5,2.473,150.157,300,0.500523333,500.5233333
brad396_tn5,2.201,107.307,300,0.35769,357.69
brad396_tn5,4.444,97.091,300,0.323636667,323.6366667
brad396_tn5,3.339,55.988,300,0.186626667,186.6266667
brad396_tn5,2.276,102.906,300,0.34302,343.02
brad396_tn5,3.207,24.653,300,0.082176667,82.17666667
brad396_tn5,4.815,25.94,300,0.086466667,86.46666667
brad396_tn5,3.149,42.463,300,0.141543333,141.5433333
brad396_tn5,3.867,92.416,300,0.308053333,308.0533333
brad396_tn5,2.605,67.275,300,0.22425,224.25
brad396_tn5,3.669,148.526,300,0.495086667,495.0866667
brad396_tn5,2.416,47.485,300,0.158283333,158.2833333
brad396_tn5,2.803,40.362,300,0.13454,134.54
brad396_tn5,2.391,80.4,300,0.268,268
brad396_tn5,1.748,64.075,300,0.213583333,213.5833333
brad396_tn5,3.347,75.527,300,0.251756667,251.7566667
brad396_tn5,3.512,70.371,300,0.23457,234.57
brad396_tn5,4.708,44.59,300,0.148633333,148.6333333
brad396_tn5,3.999,54.592,300,0.181973333,181.9733333
brad396_tn5,3.982,83.151,300,0.27717,277.17
brad396_tn5,3.43,70.748,300,0.235826667,235.8266667
ea_pMRE,1.451,74.403,50,1.48806,1488.06
ea_pMRE,1.748,92.052,50,1.84104,1841.04
ea_pMRE,1.105,79.127,50,1.58254,1582.54
ea_pMRE,1.294,84.554,50,1.69108,1691.08
ea_pMRE,1.377,164.76,50,3.2952,3295.2
ea_pMRE,1.171,80.106,50,1.60212,1602.12
ea_pMRE,1.072,138.862,50,2.77724,2777.24
ea_pMRE,1.138,153.319,50,3.06638,3066.38
ea_pMRE,1.146,78.871,50,1.57742,1577.42
ea_pMRE,1.41,98.058,50,1.96116,1961.16
ea_pMRE,1.08,94.779,50,1.89558,1895.58
ea_pMRE,1.962,103.294,50,2.06588,2065.88
ea_pMRE,1.764,56.154,50,1.12308,1123.08
ea_pMRE,1.336,71.463,50,1.42926,1429.26
ea_pMRE,1.072,71.677,50,1.43354,1433.54
ea_pMRE,1.278,206.026,100,2.06026,2060.26
ea_pMRE,1.253,186.599,100,1.86599,1865.99
ea_pMRE,1.113,211.904,100,2.11904,2119.04
ea_pMRE,1.138,212.812,100,2.12812,2128.12
ea_pMRE,1.179,204.224,100,2.04224,2042.24
ea_pMRE,1.204,216.616,100,2.16616,2166.16
ea_pMRE,1.624,185.396,100,1.85396,1853.96
ea_pMRE,1.253,233.658,100,2.33658,2336.58
ea_pMRE,1.591,182.668,100,1.82668,1826.68
ea_pMRE,1.047,171.677,100,1.71677,1716.77
ea_pMRE,1.195,95.841,50,1.91682,1916.82
ea_pMRE,0.899,62.596,50,1.25192,1251.92
ea_pMRE,1.088,136.227,50,2.72454,2724.54
ea_pMRE,0.981,41.471,50,0.82942,829.42
ea_pMRE,1.286,49.128,50,0.98256,982.56
ea_pMRE,1.575,198.346,50,3.96692,3966.92
ea_pMRE,1.113,61.444,50,1.22888,1228.88
ea_pMRE,0.882,72.234,50,1.44468,1444.68
ea_pMRE,1.286,209.474,50,4.18948,4189.48
ea_pMRE,0.923,89.839,50,1.79678,1796.78
ea_pMRE,1.204,79.479,50,1.58958,1589.58
ea_pMRE,0.8,114.186,50,2.28372,2283.72
ea_pMRE,0.734,134.337,50,2.68674,2686.74
ea_pMRE,0.89,115.815,50,2.3163,2316.3
ea_pMRE,0.923,74.741,50,1.49482,1494.82
ea_pMRE,1.146,70.381,50,1.40762,1407.62
ea_pMRE,0.857,163.644,50,3.27288,3272.88
ea_pMRE,1.072,37.554,50,0.75108,751.08
ea_pMRE,0.833,29.941,50,0.59882,598.82
ea_pMRE,0.899,59.862,50,1.19724,1197.24
ea_tn5,1.698,16.801,100,0.16801,168.01
ea_tn5,1.278,17.381,100,0.17381,173.81
ea_tn5,1.402,34.606,100,0.34606,346.06
ea_tn5,0.783,0.937,100,0.00937,9.37
ea_tn5,1.451,12.312,100,0.12312,123.12
ea_tn5,0.874,1.16,100,0.0116,11.6
ea_tn5,0.561,31.971,100,0.31971,319.71
ea_tn5,1.789,13.295,100,0.13295,132.95
ea_tn5,1.443,33.457,100,0.33457,334.57
ea_tn5,1.237,21.433,100,0.21433,214.33
ea_tn5,1.179,31.79,100,0.3179,317.9
ea_tn5,1.162,16.872,100,0.16872,168.72
ea_tn5,1.097,5.301,100,0.05301,53.01
ea_tn5,1.525,21.211,100,0.21211,212.11
ea_tn5,1.088,24.318,100,0.24318,243.18
ea_tn5,0.857,25.769,100,0.25769,257.69
ea_tn5,1.113,40.052,100,0.40052,400.52
ea_tn5,1.451,15.614,100,0.15614,156.14
ea_tn5,1.723,11.129,100,0.11129,111.29
ea_tn5,1.764,9.869,100,0.09869,98.69
ea_tn5,0.668,0.963,100,0.00963,9.63
ea_tn5,0.783,0.926,100,0.00926,9.26
ea_tn5,1.55,9.096,100,0.09096,90.96
ea_tn5,1.27,10.325,100,0.10325,103.25
ea_tn5,1.228,9.725,100,0.09725,97.25
ea_tn5,1.599,16.753,100,0.16753,167.53
ea_tn5,1.162,11.099,100,0.11099,110.99
ea_tn5,1.22,69.831,100,0.69831,698.31
ea_tn5,1.36,188.194,100,1.88194,1881.94
ea_tn5,1.385,60.143,100,0.60143,601.43
ea_tn5,1.138,157.449,100,1.57449,1574.49
ea_tn5,1.253,104.822,100,1.04822,1048.22
ea_tn5,1.352,62.457,100,0.62457,624.57
ea_tn5,1.055,111.203,100,1.11203,1112.03
ea_tn5,1.294,94.567,100,0.94567,945.67
ea_tn5,2.259,146.277,100,1.46277,1462.77
ea_tn5,1.319,76.1,100,0.761,761
ea_tn5,1.088,4.462,100,0.04462,44.62
ea_tn5,1.426,69.445,100,0.69445,694.45
ea_tn5,1.558,91.704,100,0.91704,917.04
ea_tn5,0.973,85.915,100,0.85915,859.15
ea_tn5,1.121,31.441,100,0.31441,314.41
ea_tn5,1.707,31.401,100,0.31401,314.01
ea_tn5,1.525,37.886,100,0.37886,378.86
ea_tn5,0.61,44.784,100,0.44784,447.84
ea_tn5,1.608,63.062,100,0.63062,630.62
ea_tn5,1.113,66.496,100,0.66496,664.96
ea_tn5,1.195,39.179,100,0.39179,391.79
ea_tn5,1.632,53.409,100,0.53409,534.09
ea_tn5,1.55,37.691,100,0.37691,376.91
ea_tn5,1.542,45.032,100,0.45032,450.32
ea_tn5,1.501,36.462,100,0.36462,364.62
ea_tn5,1.583,55.073,100,0.55073,550.73
ea_tn5,1.072,26.431,100,0.26431,264.31
ea_tn5,1.121,90.162,100,0.90162,901.62
ea_tn5,1.55,67.351,100,0.67351,673.51
ea_tn5,1.08,31.885,100,0.31885,318.85
ea_tn5,1.426,44.185,100,0.44185,441.85
ea_tn5,1.517,30.141,100,0.30141,301.41
ea_tn5,1.723,32.885,100,0.32885,328.85
ea_tn5,1.657,90.846,100,0.90846,908.46
ea_tn5,1.286,24.397,100,0.24397,243.97
ea_tn5,1.435,68.017,100,0.68017,680.17
ea_tn5,1.847,49.554,100,0.49554,495.54
ea_tn5,0.923,10.5,100,0.105,105
ea_tn5,1.014,62.293,100,0.62293,622.93
ea_tn5,0.808,51.939,100,0.51939,519.39
ea_tn5,1.517,48.609,100,0.48609,486.09
ea_tn5,1.113,50.741,100,0.50741,507.41
ea_tn5,1.237,39.9,100,0.399,399
ea_tn5,1.616,27.73,100,0.2773,277.3
ea_tn5,2.482,63.615,100,0.63615,636.15
ea_tn5,1.55,59.085,100,0.59085,590.85
ea_tn5,1.418,46.081,100,0.46081,460.81
ea_tn5,1.245,49.735,100,0.49735,497.35
ea_tn5,2.168,59.084,100,0.59084,590.84
ea_tn5,1.501,56.593,100,0.56593,565.93
ea_tn5,2.366,27.031,100,0.27031,270.31
ea_tn5,1.435,81.77,100,0.8177,817.7
ea_tn5,1.468,46.006,100,0.46006,460.06
ea_tn5,1.443,54.423,100,0.54423,544.23
ea_tn5,1.319,30.419,100,0.30419,304.19
ea_tn5,0.693,40.274,100,0.40274,402.74
ea_tn5,2.548,36.89,100,0.3689,368.9
ea_tn5,1.121,18.787,100,0.18787,187.87
ea_tn5,1.294,15.382,100,0.15382,153.82
ea_tn5,1.261,14.261,100,0.14261,142.61
ea_tn5,1.764,27.009,100,0.27009,270.09
ea_tn5,2.605,98.114,100,0.98114,981.14
ea_tn5,1.591,15.404,100,0.15404,154.04
ea_tn5,1.632,34.909,100,0.34909,349.09
ea_tn5,2.91,38.572,100,0.38572,385.72
ea_tn5,1.426,33.977,100,0.33977,339.77
ea_tn5,1.814,17.209,100,0.17209,172.09
ea_tn7,1.204,14.795,50,0.2959,295.9
ea_tn7,0.965,19,50,0.38,380
ea_tn7,1.278,43.465,50,0.8693,869.3
ea_tn7,1.27,42.857,50,0.85714,857.14
ea_tn7,0.973,26.703,50,0.53406,534.06
ea_tn7,1.369,42.988,50,0.85976,859.76
ea_tn7,1.228,17.396,50,0.34792,347.92
ea_tn7,0.849,28.699,50,0.57398,573.98
ea_tn7,1.344,50.436,50,1.00872,1008.72
ea_tn7,1.517,33.027,50,0.66054,660.54
ea_tn7,1.583,31.885,50,0.6377,637.7
ea_tn7,1.121,28.081,50,0.56162,561.62
ea_tn7,1.682,21.544,50,0.43088,430.88
ea_tn7,1.006,34.557,50,0.69114,691.14
ea_tn7,0.956,17.517,50,0.35034,350.34
ea_tn7,1.616,21.607,50,0.43214,432.14
ea_tn7,0.932,31.009,50,0.62018,620.18
ea_tn7,0.841,33.755,50,0.6751,675.1
ea_tn7,1.072,32.454,50,0.64908,649.08
ea_tn7,1.121,65.022,50,1.30044,1300.44
ea_tn7,1.006,29.311,50,0.58622,586.22
ea_tn7,0.948,31.513,50,0.63026,630.26
ea_tn7,0.973,23.186,50,0.46372,463.72
ea_tn7,0.857,15.481,50,0.30962,309.62
ea_tn7,1.162,30.298,50,0.60596,605.96
ea_tn7,1.344,45.049,50,0.90098,900.98
ea_tn7,1.501,23.225,50,0.4645,464.5
ea_tn7,1.484,39.811,50,0.79622,796.22
ea_tn7,0.791,49.906,50,0.99812,998.12
ea_tn7,0.857,41.712,50,0.83424,834.24
ea_tn7,0.915,17.396,50,0.34792,347.92
ea_tn7,1.624,33.426,50,0.66852,668.52
ea_tn7,0.932,28.602,50,0.57204,572.04
ea_tn7,1.022,28.016,50,0.56032,560.32
ea_tn7,1.097,29.925,50,0.5985,598.5
ea_tn7,1.22,34.858,50,0.69716,697.16
ea_tn7,1.055,32,50,0.64,640
ea_tn7,0.899,28.128,50,0.56256,562.56
ea_tn7,1.715,38.995,50,0.7799,779.9
ea_tn7,1.162,15.624,50,0.31248,312.48
ea_tn7,0.824,18.12,50,0.3624,362.4
ea_tn7,1.534,12.704,50,0.25408,254.08
ea_tn7,0.651,11.101,50,0.22202,222.02
ea_tn7,1.105,22.776,50,0.45552,455.52
ea_tn7,0.783,41.379,50,0.82758,827.58
ea_tn7,0.94,21.096,50,0.42192,421.92
ea_tn7,0.915,16.559,50,0.33118,331.18
ea_tn7,1.459,23.164,50,0.46328,463.28
ea_tn7,1.064,24.938,50,0.49876,498.76
ea_tn7,0.775,11.181,50,0.22362,223.62
ea_tn7,0.932,17.735,50,0.3547,354.7
ea_tn7,1.294,13.357,50,0.26714,267.14
ea_tn7,1.187,13.944,50,0.27888,278.88
ea_tn7,0.841,9.02,50,0.1804,180.4
ea_tn7,1.261,28.32,50,0.5664,566.4
ea_tn7,0.668,19.086,50,0.38172,381.72
ea_tn7,0.965,25.692,50,0.51384,513.84
ea_tn7,1.748,29.736,50,0.59472,594.72
ea_tn7,1.022,12.266,50,0.24532,245.32
ea_tn7,1.369,17.139,50,0.34278,342.78
ea_tn7,0.882,33.168,50,0.66336,663.36
ea_tn7,1.13,37.044,50,0.74088,740.88
ea_tn7,1.113,81.704,50,1.63408,1634.08
ea_tn7,1.83,85.617,50,1.71234,1712.34
ea_tn7,0.89,57.38,50,1.1476,1147.6
ea_tn7,1.36,67.121,50,1.34242,1342.42
ea_tn7,1.138,63.312,50,1.26624,1266.24
ea_tn7,1.336,46.889,50,0.93778,937.78
ea_tn7,1.195,49.241,50,0.98482,984.82
ea_tn7,1.336,39.883,50,0.79766,797.66
ea_tn7,0.998,87.198,50,1.74396,1743.96
ea_tn7,1.047,91.937,50,1.83874,1838.74
ea_tn7,1.08,60.626,50,1.21252,1212.52
ea_tn7,1.055,141.57,50,2.8314,2831.4
ea_tn7,1.237,97.813,50,1.95626,1956.26
ea_tn7,1.847,92.759,50,1.85518,1855.18
ea_tn7,0.973,122.008,50,2.44016,2440.16
ea_tn7,0.989,63.008,50,1.26016,1260.16
ea_tn7,0.94,47.64,50,0.9528,952.8
ea_tn7,1.402,107.453,50,2.14906,2149.06
ea_tn7,1.047,92.276,50,1.84552,1845.52
ea_tn7,1.426,94.26,50,1.8852,1885.2
ea_tn7,0.882,73.523,50,1.47046,1470.46
ea_tn7,0.998,145.95,50,2.919,2919
ea_tn7,1.204,121.397,50,2.42794,2427.94
ea_tn7,1.179,83.895,50,1.6779,1677.9
ea_tn7,0.684,29.217,50,0.58434,584.34
ea_tn7,0.882,80.533,50,1.61066,1610.66
ea_tn7,0.965,74.256,50,1.48512,1485.12
ea_tn7,0.783,49.705,50,0.9941,994.1
ea_tn7,0.808,56.663,50,1.13326,1133.26
ea_tn7,1.723,99.593,50,1.99186,1991.86
ea_tn7,1.657,79.383,50,1.58766,1587.66
ea_tn7,0.75,61.978,50,1.23956,1239.56
ea_tn7,1.435,50.879,50,1.01758,1017.58
ea_tn7,0.932,87.097,50,1.74194,1741.94
ea_tn7,1.41,82.111,50,1.64222,1642.22
ea_tn7,1.171,76.296,50,1.52592,1525.92
ea_tn7,0.89,77.731,50,1.55462,1554.62
ea_tn7,0.973,61.305,50,1.2261,1226.1
ea_tn7,0.866,71.848,50,1.43696,1436.96
ea_tn7,1.187,45.59,50,0.9118,911.8
ea_tn7,0.841,55.539,50,1.11078,1110.78
ea_tn7,1.055,75.898,50,1.51796,1517.96
ea_tn7,1.187,36.146,50,0.72292,722.92
ea_tn7,1.138,46.036,50,0.92072,920.72
ea_tn7,1.014,55.512,50,1.11024,1110.24
ea_tn7,0.915,48.486,50,0.96972,969.72
ea_tn7,0.981,53.681,50,1.07362,1073.62
ea_tn7,0.528,14.625,50,0.2925,292.5
ea_tn7,0.833,35.634,50,0.71268,712.68
ea_tn7,0.948,61.661,50,1.23322,1233.22
ea_tn7,1.402,75.171,50,1.50342,1503.42
ea_tn7,1.237,49.713,50,0.99426,994.26
ea_tn7,0.866,31.257,50,0.62514,625.14
ea_tn7,0.808,57.306,50,1.14612,1146.12
ea_tn7,0.676,24.463,50,0.48926,489.26
ea_tn7,0.75,20.341,50,0.40682,406.82
ea_tn7,1.13,45.861,50,0.91722,917.22
ea_tn7,0.923,46.161,50,0.92322,923.22
ea_tn7,1.459,55.463,50,1.10926,1109.26
ea_tn7,0.915,41.45,50,0.829,829
ea_tn7,0.965,45.026,50,0.90052,900.52
ea_tn7,1.121,36.588,50,0.73176,731.76
ea_tn7,1.583,38.5,50,0.77,770
ea_tn7,0.841,24.304,50,0.48608,486.08
ea_tn7,0.841,19.431,50,0.38862,388.62
ea_tn7,0.849,59.699,50,1.19398,1193.98
ea_tn7,1.459,40.379,50,0.80758,807.58
ea_tn7,1.006,39.303,50,0.78606,786.06
ea_tn7,0.585,35.676,50,0.71352,713.52
ea_tn7,1.006,38.5,50,0.77,770
ea_tn7,1.575,41.047,50,0.82094,820.94
ea_tn7,1.014,42.984,50,0.85968,859.68
ea_tn7,1.179,35.371,50,0.70742,707.42
ea_tn7,1.212,58.184,50,1.16368,1163.68
ea_tn7,0.899,29.495,50,0.5899,589.9
ea_tn7,1.088,37.152,50,0.74304,743.04
ea_tn7,1.088,36.045,50,0.7209,720.9
ea_tn7,0.742,42.544,50,0.85088,850.88
ea_tn7,0.841,36.765,50,0.7353,735.3
ea_tn7,0.899,26.642,50,0.53284,532.84
ea_tn7,0.899,30.945,50,0.6189,618.9
ea_tn7,1.261,34.176,50,0.68352,683.52
ea_tn7,0.915,27.514,50,0.55028,550.28
ea_tn7,1.905,32.45,50,0.649,649
ea_tn7,0.816,23.101,50,0.46202,462.02
ea_tn7,1.13,31.036,50,0.62072,620.72
ea_tn7,0.932,28.204,50,0.56408,564.08
ea_tn7,1.006,26.369,50,0.52738,527.38
ea_tn7,0.783,28.484,50,0.56968,569.68
ea_tn7,1.369,22.524,50,0.45048,450.48
ea_tn7,1.072,23.085,50,0.4617,461.7
ea_tn7,1.608,30.887,50,0.61774,617.74
ea_tn7,0.907,27.027,50,0.54054,540.54
ea_tn7,0.899,33.45,50,0.669,669
ea_tn7,1.327,20.478,50,0.40956,409.56
ea_tn7,1.245,32.927,50,0.65854,658.54
ea_tn7,1.072,16.285,50,0.3257,325.7
ea_tn7,0.808,12.969,50,0.25938,259.38
ea_tn7,0.8,19.753,50,0.39506,395.06
ea_tn7,0.948,19.104,50,0.38208,382.08
ea_tn7,1.105,23.015,50,0.4603,460.3
ea_tn7,0.965,20.103,50,0.40206,402.06
ea_tn7,0.808,31.286,50,0.62572,625.72
ea_tn7,1.13,18.27,50,0.3654,365.4
ea_tn7,1.171,28.317,50,0.56634,566.34
ea_tn7,0.857,64.981,50,1.29962,1299.62
ea_tn7,1.781,16.759,50,0.33518,335.18
ea_tn7,0.767,21.903,50,0.43806,438.06
ea_tn7,1.204,32.699,50,0.65398,653.98
ea_tn7,0.66,11.113,50,0.22226,222.26
meth92_tn5,1.822,68.606,200,0.34303,343.03
meth92_tn5,2.638,84.612,200,0.42306,423.06
meth92_tn5,2.836,138.77,200,0.69385,693.85
meth92_tn5,2.061,168.728,200,0.84364,843.64
meth92_tn5,2.688,114.313,200,0.571565,571.565
meth92_tn5,2.407,62.332,200,0.31166,311.66
meth92_tn5,2.267,89.753,200,0.448765,448.765
meth92_tn5,2.416,161.863,200,0.809315,809.315
meth92_tn5,2.292,113.302,200,0.56651,566.51
meth92_tn5,2.267,126.171,200,0.630855,630.855
meth92_tn5,2.432,101.624,200,0.50812,508.12
meth92_tn5,1.954,169.751,200,0.848755,848.755
meth92_tn5,1.599,6.613,200,0.033065,33.065
meth92_tn5,1.311,92.635,200,0.463175,463.175
meth92_tn5,3.215,159.318,200,0.79659,796.59
meth92_tn5,2.02,180,200,0.9,900
meth92_tn5,2.383,108.215,200,0.541075,541.075
meth92_tn5,3.57,125.002,200,0.62501,625.01
meth92_tn5,3.801,7.742,200,0.03871,38.71
meth92_tn5,1.525,53.789,200,0.268945,268.945
meth92_tn5,3.051,83.559,200,0.417795,417.795
meth92_tn5,2.259,61.482,200,0.30741,307.41
meth92_tn5,2.539,83.445,200,0.417225,417.225
meth92_tn5,1.822,100.964,200,0.50482,504.82
meth92_tn5,1.591,95.575,200,0.477875,477.875
meth92_tn5,1.731,136.071,200,0.680355,680.355
meth92_tn5,2.292,37.748,200,0.18874,188.74
meth92_tn5,1.27,3.831,200,0.019155,19.155
meth92_tn5,2.193,121.992,200,0.60996,609.96
meth92_tn5,4.221,186.658,200,0.93329,933.29
meth92_tn5,2.976,136.446,200,0.68223,682.23
meth92_tn5,2.836,74.872,200,0.37436,374.36
meth92_tn5,1.781,61.542,200,0.30771,307.71
meth92_tn5,2.053,72.518,200,0.36259,362.59
meth92_tn5,2.218,61.665,200,0.308325,308.325
meth92_tn5,3.545,86.656,200,0.43328,433.28
meth92_tn5,2.869,4.408,200,0.02204,22.04
meth92_tn5,1.995,15.645,200,0.078225,78.225
meth92_tn5,2.267,110.589,200,0.552945,552.945
meth92_tn5,3.149,154.686,200,0.77343,773.43
meth92_tn5,1.55,41.282,200,0.20641,206.41
meth92_tn5,2.152,32.87,200,0.16435,164.35
meth92_tn5,1.583,113.365,200,0.566825,566.825
meth92_tn5,2.432,50.051,200,0.250255,250.255
meth92_tn5,2.795,103.522,200,0.51761,517.61
meth92_tn5,1.863,70.637,200,0.353185,353.185
meth92_tn5,3.067,150.79,200,0.75395,753.95
meth92_tn5,2.012,132.287,200,0.661435,661.435
meth92_tn5,3.034,66.356,200,0.33178,331.78
meth92_tn5,2.267,135.909,200,0.679545,679.545
meth92_tn5,1.822,59.009,200,0.295045,295.045
meth92_tn5,2.111,141.258,200,0.70629,706.29
meth92_tn5,3.743,153.066,200,0.76533,765.33
meth92_tn5,2.572,97.647,200,0.488235,488.235
meth92_tn5,2.861,126.888,200,0.63444,634.44
meth92_tn5,2.63,132.116,200,0.66058,660.58
meth92_tn5,2.21,84.914,200,0.42457,424.57
pa299_pMRE,0.948,56.47,100,0.5647,564.7
pa299_pMRE,1.261,47.941,100,0.47941,479.41
pa299_pMRE,0.965,56.803,100,0.56803,568.03
pa299_pMRE,1.146,20.777,100,0.20777,207.77
pa299_pMRE,1.171,82.19,100,0.8219,821.9
pa299_pMRE,0.94,41.482,100,0.41482,414.82
pa299_pMRE,0.998,60.851,100,0.60851,608.51
pa299_pMRE,1.162,38.752,100,0.38752,387.52
pa299_pMRE,0.94,45.789,100,0.45789,457.89
pa299_pMRE,0.923,22.929,100,0.22929,229.29
pa299_pMRE,1.22,94.493,100,0.94493,944.93
pa299_pMRE,1.319,95.688,100,0.95688,956.88
pa299_pMRE,1.344,51.834,100,0.51834,518.34
pa299_pMRE,1.253,52.23,100,0.5223,522.3
pa299_pMRE,1.031,73.152,100,0.73152,731.52
pa299_pMRE,1.212,67.02,100,0.6702,670.2
pa299_pMRE,0.989,34.808,100,0.34808,348.08
pa299_pMRE,1.154,37.264,100,0.37264,372.64
pa299_pMRE,1.212,120.599,100,1.20599,1205.99
pa299_pMRE,1.121,82.912,100,0.82912,829.12
pa299_pMRE,0.965,45.855,100,0.45855,458.55
pa299_pMRE,1.047,33.157,100,0.33157,331.57
pa299_pMRE,1.212,61.061,100,0.61061,610.61
pa299_pMRE,0.989,9.717,100,0.09717,97.17
pa299_pMRE,1.187,79.674,100,0.79674,796.74
pa299_pMRE,1.212,26.639,100,0.26639,266.39
pa299_pMRE,1.055,50.82,100,0.5082,508.2
pa299_pMRE,1.344,113.037,100,1.13037,1130.37
pa299_pMRE,1.385,42.19,100,0.4219,421.9
pa299_pMRE,1.377,86.874,100,0.86874,868.74
pa299_pMRE,0.981,6.504,100,0.06504,65.04
pa299_pMRE,1.13,98.255,100,0.98255,982.55
pa299_pMRE,0.956,76.164,100,0.76164,761.64
pa299_pMRE,0.915,54.811,100,0.54811,548.11
pa299_pMRE,1.121,48.132,100,0.48132,481.32
pa299_pMRE,1.022,53.976,100,0.53976,539.76
pa299_pMRE,1.039,54.365,100,0.54365,543.65
pa299_pMRE,1.352,63.366,100,0.63366,633.66
pa299_pMRE,0.915,36.333,100,0.36333,363.33
pa299_pMRE,1.237,96.613,100,0.96613,966.13
pa299_pMRE,1.27,92.864,100,0.92864,928.64
pa299_pMRE,1.179,38.58,100,0.3858,385.8
pa299_pMRE,1.319,53.694,100,0.53694,536.94
pa299_pMRE,1.187,42.299,100,0.42299,422.99
pa299_pMRE,1.36,72.152,100,0.72152,721.52
pa299_pMRE,1.014,72.829,100,0.72829,728.29
pa299_pMRE,1.162,77.085,100,0.77085,770.85
pa299_pMRE,1.171,81.261,100,0.81261,812.61
pa299_pMRE,0.981,76.882,100,0.76882,768.82
pa299_pMRE,0.989,61.358,100,0.61358,613.58
pa299_pMRE,1.27,86.299,100,0.86299,862.99
pa299_pMRE,1.072,48.015,100,0.48015,480.15
pa299_pMRE,1.08,75.382,100,0.75382,753.82
pa299_pMRE,0.981,58.42,100,0.5842,584.2
pa299_pMRE,0.981,56.16,100,0.5616,561.6
pa299_pMRE,0.907,70.318,100,0.70318,703.18
pa299_pMRE,1.195,83.641,100,0.83641,836.41
pa299_pMRE,1.171,65.38,100,0.6538,653.8
pa299_pMRE,0.907,25.645,100,0.25645,256.45
pa299_pMRE,0.907,104.636,100,1.04636,1046.36
pa299_pMRE,1.097,57.925,100,0.57925,579.25
pa299_pMRE,1.047,155.173,100,1.55173,1551.73
pa299_pMRE,1.072,94.977,100,0.94977,949.77
pa299_pMRE,1.047,66.882,100,0.66882,668.82
pa299_pMRE,1.146,52.863,100,0.52863,528.63
pa299_pMRE,0.907,75.609,100,0.75609,756.09
pa299_pMRE,0.989,82.883,100,0.82883,828.83
pa299_pMRE,1.352,51.848,100,0.51848,518.48
pa299_pMRE,1.064,44.829,100,0.44829,448.29
pa299_pMRE,1.047,54.008,100,0.54008,540.08
pa299_pMRE,1.039,148.444,100,1.48444,1484.44
pa299_pMRE,1.154,65.1,100,0.651,651
pa299_pMRE,1.278,61.381,100,0.61381,613.81
pa299_pMRE,1.097,92.128,100,0.92128,921.28
pa299_pMRE,1.006,116.082,100,1.16082,1160.82
pa299_pMRE,1.105,98.41,100,0.9841,984.1
pa299_pMRE,0.956,81.897,100,0.81897,818.97
pa299_pMRE,1.179,63.713,100,0.63713,637.13
pa299_pMRE,0.973,65.381,100,0.65381,653.81
pa299_pMRE,1.072,96.792,100,0.96792,967.92
pa299_pMRE,1.014,69.748,100,0.69748,697.48
pa299_pMRE,0.998,53.777,100,0.53777,537.77
pa299_pMRE,0.965,63.06,100,0.6306,630.6
pa299_pMRE,1.187,57.312,100,0.57312,573.12
pa299_pMRE,0.948,102.809,100,1.02809,1028.09
pa299_pMRE,1.113,66.044,100,0.66044,660.44
pa299_pMRE,0.907,119.073,100,1.19073,1190.73
pa299_pMRE,1.072,75.908,100,0.75908,759.08
pa299_pMRE,0.907,75.191,100,0.75191,751.91
pa299_pMRE,1.031,38.472,100,0.38472,384.72
pa299_pMRE,0.932,67.504,100,0.67504,675.04
pa299_pMRE,1.261,113.229,100,1.13229,1132.29
pa299_pMRE,1.088,97.129,100,0.97129,971.29
pa299_pMRE,1.171,58.282,100,0.58282,582.82
pa299_pMRE,0.915,108.243,100,1.08243,1082.43
pa299_pMRE,1.113,77.785,100,0.77785,777.85
pa299_pMRE,1.311,70.491,100,0.70491,704.91
pa299_pMRE,1.393,106.491,100,1.06491,1064.91
pa299_pMRE,1.36,93.764,100,0.93764,937.64
pa299_pMRE,1.047,68.874,100,0.68874,688.74
pa299_pMRE,1.261,67.562,100,0.67562,675.62
pa299_pMRE,1.377,64.371,100,0.64371,643.71
pa299_pMRE,0.923,41.5,100,0.415,415
pa299_pMRE,1.162,58.199,100,0.58199,581.99
pa299_pMRE,1.303,76.272,100,0.76272,762.72
pa299_pMRE,0.932,60.796,100,0.60796,607.96
pa299_tn5,0.989,101.708,100,1.01708,1017.08
pa299_tn5,1.006,92.648,100,0.92648,926.48
pa299_tn5,0.973,128.788,100,1.28788,1287.88
pa299_tn5,1.171,4.845,100,0.04845,48.45
pa299_tn5,1.22,128.108,100,1.28108,1281.08
pa299_tn5,0.948,75.374,100,0.75374,753.74
pa299_tn5,1.253,113.757,100,1.13757,1137.57
pa299_tn5,1.327,106.814,100,1.06814,1068.14
pa299_tn5,1.22,91.074,100,0.91074,910.74
pa299_tn5,1.113,123.8,100,1.238,1238
pa299_tn5,1.022,114.895,100,1.14895,1148.95
pa299_tn5,1.228,154.57,100,1.5457,1545.7
pa299_tn5,0.973,69.297,100,0.69297,692.97
pa299_tn5,0.965,107.487,100,1.07487,1074.87
pa299_tn5,1.36,132.442,100,1.32442,1324.42
pa299_tn5,1.08,130.489,100,1.30489,1304.89
pa299_tn5,1.039,5.357,100,0.05357,53.57
pa299_tn5,0.981,85.286,100,0.85286,852.86
pa299_tn5,1.319,92.869,100,0.92869,928.69
pa299_tn5,1.237,88.213,100,0.88213,882.13
pa299_tn5,1.055,93.398,100,0.93398,933.98
pa299_tn5,1.072,85.492,100,0.85492,854.92
pa299_tn5,1.072,143.8,100,1.438,1438
pa299_tn5,1.146,109.683,100,1.09683,1096.83
pa299_tn5,1.261,109.993,100,1.09993,1099.93
pa299_tn5,1.327,133.944,100,1.33944,1339.44
pa299_tn5,1.146,93.36,100,0.9336,933.6
pa299_tn5,0.956,91.086,100,0.91086,910.86
pa299_tn5,0.948,91.887,100,0.91887,918.87
pa299_tn5,1.072,63.346,100,0.63346,633.46
pa299_tn5,1.146,6.165,100,0.06165,61.65
pa299_tn5,0.907,77.136,100,0.77136,771.36
pa299_tn5,0.923,98.134,100,0.98134,981.34
pa299_tn5,1.377,100.006,100,1.00006,1000.06
pa299_tn5,0.907,5.836,100,0.05836,58.36
pa299_tn5,1.294,99.038,100,0.99038,990.38
pa299_tn5,0.956,134.517,100,1.34517,1345.17
pa299_tn5,1.311,132.019,100,1.32019,1320.19
pa299_tn5,1.039,5.452,100,0.05452,54.52
pa299_tn5,1.039,64.063,100,0.64063,640.63
pa299_tn5,1.047,45.291,100,0.45291,452.91
pa299_tn5,1.113,94.711,100,0.94711,947.11
pa299_tn5,1.039,64.69,100,0.6469,646.9
pa299_tn5,0.989,5.167,100,0.05167,51.67
pa299_tn5,1.195,104.876,100,1.04876,1048.76
pa299_tn5,0.989,109.083,100,1.09083,1090.83
pa299_tn5,0.965,114.778,100,1.14778,1147.78
pa299_tn5,0.948,109.887,100,1.09887,1098.87
pa299_tn5,0.948,75.209,100,0.75209,752.09
pa299_tn5,1.113,115.519,100,1.15519,1155.19
pa299_tn5,1.113,107.726,100,1.07726,1077.26
pa299_tn5,1.031,94.504,100,0.94504,945.04
pa299_tn5,1.352,68.683,100,0.68683,686.83
pa299_tn5,1.08,39.42,100,0.3942,394.2
pa299_tn5,1.286,109.192,100,1.09192,1091.92
pa299_tn5,1.344,114.215,100,1.14215,1142.15
pa299_tn5,1.121,158.824,100,1.58824,1588.24
pa299_tn5,1.237,125.153,100,1.25153,1251.53
pa299_tn5,1.154,137.357,100,1.37357,1373.57
pa299_tn5,1.014,100.553,100,1.00553,1005.53
pa299_tn5,0.932,112.655,100,1.12655,1126.55
pa299_tn5,1.13,115.073,100,1.15073,1150.73
pa299_tn5,1.08,112.084,100,1.12084,1120.84
pa299_tn5,1.113,117.044,100,1.17044,1170.44
pa299_tn5,1.253,108.671,100,1.08671,1086.71
pa299_tn5,1.187,110.139,100,1.10139,1101.39
pa299_tn5,0.973,85.407,100,0.85407,854.07
pa299_tn5,1.179,133.084,100,1.33084,1330.84
pa299_tn5,1.27,126.032,100,1.26032,1260.32
pa299_tn7,0.973,110.703,100,1.10703,1107.03
pa299_tn7,1.228,86.705,100,0.86705,867.05
pa299_tn7,1.113,126.052,100,1.26052,1260.52
pa299_tn7,1.22,117.142,100,1.17142,1171.42
pa299_tn7,1.327,113.739,100,1.13739,1137.39
pa299_tn7,1.072,106.6,100,1.066,1066
pa299_tn7,1.097,37.308,100,0.37308,373.08
pa299_tn7,1.039,119.508,100,1.19508,1195.08
pa299_tn7,1.064,74.124,100,0.74124,741.24
pa299_tn7,1.228,70.443,100,0.70443,704.43
pa299_tn7,0.956,84.543,100,0.84543,845.43
pa299_tn7,1.171,91.803,100,0.91803,918.03
pa299_tn7,1.319,84.463,100,0.84463,844.63
pa299_tn7,0.923,79.339,100,0.79339,793.39
pa299_tn7,1.286,63.782,100,0.63782,637.82
pa299_tn7,1.237,71.867,100,0.71867,718.67
pa299_tn7,1.006,83.721,100,0.83721,837.21
pa299_tn7,1.237,2.187,100,0.02187,21.87
pa299_tn7,1.212,64.599,100,0.64599,645.99
pa299_tn7,1.212,91.204,100,0.91204,912.04
pa299_tn7,1.22,62.723,100,0.62723,627.23
pa299_tn7,0.965,54.838,100,0.54838,548.38
pa299_tn7,1.022,79.073,100,0.79073,790.73
pa299_tn7,1.187,38,100,0.38,380
pa299_tn7,1.088,63.182,100,0.63182,631.82
pa299_tn7,1.344,47.16,100,0.4716,471.6
pa299_tn7,1.237,14.147,100,0.14147,141.47
pa299_tn7,1.055,36.273,100,0.36273,362.73
pa299_tn7,1.294,122.796,100,1.22796,1227.96
pa299_tn7,1.047,18.276,100,0.18276,182.76
pa299_tn7,0.932,33.717,100,0.33717,337.17
pa299_tn7,1.195,37.441,100,0.37441,374.41
pa299_tn7,0.973,62.288,100,0.62288,622.88
pa299_tn7,1.031,47.216,100,0.47216,472.16
pa299_tn7,0.94,66.202,100,0.66202,662.02
pa299_tn7,1.27,86.286,100,0.86286,862.86
pa299_tn7,1.311,60.497,100,0.60497,604.97
pa299_tn7,1.072,82.338,100,0.82338,823.38
pa299_tn7,1.113,96.237,100,0.96237,962.37
pa299_tn7,0.907,29.345,100,0.29345,293.45
pa299_tn7,1.261,34.007,100,0.34007,340.07
pa299_tn7,1.13,75.854,100,0.75854,758.54
pa299_tn7,1.278,72.019,100,0.72019,720.19
pa299_tn7,0.973,25.856,100,0.25856,258.56
pa299_tn7,0.932,23.858,100,0.23858,238.58
pa299_tn7,1.212,107.32,100,1.0732,1073.2
pa299_tn7,1.006,60.467,100,0.60467,604.67
pa299_tn7,1.039,56.032,100,0.56032,560.32
pa299_tn7,1.113,53.215,100,0.53215,532.15
pa299_tn7,0.915,35.324,100,0.35324,353.24
pa299_tn7,1.105,66.769,100,0.66769,667.69
pa299_tn7,1.204,50.13,100,0.5013,501.3
pa299_tn7,1.154,59.264,100,0.59264,592.64
pa299_tn7,1.171,67.725,100,0.67725,677.25
pa299_tn7,0.907,78.327,100,0.78327,783.27
pa299_tn7,0.973,145.814,100,1.45814,1458.14
pa299_tn7,0.956,66.5,100,0.665,665
pa299_tn7,1.072,35.023,100,0.35023,350.23
pa299_tn7,1.055,83.695,100,0.83695,836.95
pa299_tn7,1.072,57.469,100,0.57469,574.69
pa299_tn7,1.055,96.648,100,0.96648,966.48
pa299_tn7,1.088,63.061,100,0.63061,630.61
pa299_tn7,0.998,71.744,100,0.71744,717.44
pa299_tn7,1.113,74.911,100,0.74911,749.11
pa299_tn7,0.932,55.92,100,0.5592,559.2
pa299_tn7,0.998,69.388,100,0.69388,693.88
pa299_tn7,0.932,40.814,100,0.40814,408.14
pa299_tn7,0.989,58.325,100,0.58325,583.25
pa299_tn7,0.907,35.291,100,0.35291,352.91
pa299_tn7,0.915,69.973,100,0.69973,699.73
pa299_tn7,1.327,36.422,100,0.36422,364.22
pa299_tn7,1.121,82.963,100,0.82963,829.63
pa299_tn7,1.212,78.946,100,0.78946,789.46
pa299_tn7,1.064,74.047,100,0.74047,740.47
pa299_tn7,1.162,88.468,100,0.88468,884.68
pa299_tn7,1.286,69.429,100,0.69429,694.29
pa299_tn7,1.204,87.103,100,0.87103,871.03
pa299_tn7,1.154,57.45,100,0.5745,574.5
pa299_tn7,0.923,47.411,100,0.47411,474.11
pa299_tn7,0.923,72.321,100,0.72321,723.21
pa299_tn7,1.36,50.594,100,0.50594,505.94
pa299_tn7,1.327,50.671,100,0.50671,506.71
pa299_tn7,1.377,86.311,100,0.86311,863.11
pc_pMRE,1.435,20.724,50,0.41448,414.48
pc_pMRE,1.583,110.823,50,2.21646,2216.46
pc_pMRE,1.311,7.736,50,0.15472,154.72
pc_pMRE,1.525,16.362,50,0.32724,327.24
pc_pMRE,1.781,172.088,50,3.44176,3441.76
pc_pMRE,1.311,38.107,50,0.76214,762.14
pc_pMRE,2.605,36.5,50,0.73,730
pc_pMRE,1.773,121.944,50,2.43888,2438.88
pc_pMRE,1.599,97.227,50,1.94454,1944.54
pc_pMRE,1.484,43.733,50,0.87466,874.66
pc_pMRE,1.187,28.396,50,0.56792,567.92
pc_pMRE,2.589,22.564,50,0.45128,451.28
pc_pMRE,1.311,81.34,50,1.6268,1626.8
pc_pMRE,1.006,41.418,50,0.82836,828.36
pc_pMRE,1.179,29.252,50,0.58504,585.04
pc_pMRE,0.915,57.883,50,1.15766,1157.66
pc_pMRE,1.179,103.315,50,2.0663,2066.3
pc_pMRE,1.36,27.176,50,0.54352,543.52
pc_pMRE,1.905,160.861,50,3.21722,3217.22
pc_pMRE,1.583,72.646,50,1.45292,1452.92
pc_pMRE,1.204,78.918,50,1.57836,1578.36
pc_pMRE,1.237,7.24,50,0.1448,144.8
pc_pMRE,1.311,110.629,50,2.21258,2212.58
pc_pMRE,1.154,70.143,50,1.40286,1402.86
pc_pMRE,1.715,84.606,50,1.69212,1692.12
pc_pMRE,1.995,90.57,50,1.8114,1811.4
pc_pMRE,2.16,68.214,50,1.36428,1364.28
pc_pMRE,2.581,39.764,50,0.79528,795.28
pc_pMRE,2.036,32.846,50,0.65692,656.92
pc_pMRE,1.929,98.538,50,1.97076,1970.76
pc_pMRE,1.937,65.672,50,1.31344,1313.44
pc_pMRE,1.055,35.016,50,0.70032,700.32
pc_pMRE,1.781,92.171,50,1.84342,1843.42
pc_pMRE,2.251,234.597,50,4.69194,4691.94
pc_pMRE,1.525,60.222,50,1.20444,1204.44
pc_pMRE,1.665,1,50,0.02,20
pc_pMRE,1.756,28.577,50,0.57154,571.54
pc_pMRE,1.525,25.141,50,0.50282,502.82
pc_pMRE,1.764,132.682,50,2.65364,2653.64
pc_pMRE,1.352,57.463,50,1.14926,1149.26
pc_pMRE,1.13,172.35,50,3.447,3447
pc_pMRE,1.69,37.961,50,0.75922,759.22
pc_pMRE,2.21,53.019,50,1.06038,1060.38
pc_pMRE,1.393,80.408,50,1.60816,1608.16
pc_pMRE,1.69,48.102,50,0.96204,962.04
pc_pMRE,1.261,28.137,50,0.56274,562.74
pc_pMRE,1.336,58.315,50,1.1663,1166.3
pc_pMRE,1.591,73.135,50,1.4627,1462.7
pc_pMRE,1.698,31.762,50,0.63524,635.24
pc_pMRE,1.929,132.641,50,2.65282,2652.82
pc_pMRE,1.261,56.974,50,1.13948,1139.48
pc_pMRE,2.498,69.033,50,1.38066,1380.66
pc_pMRE,1.806,106.516,50,2.13032,2130.32
pc_pMRE,1.237,46.013,50,0.92026,920.26
pc_pMRE,1.797,87.463,50,1.74926,1749.26
pc_pMRE,1.319,68.206,50,1.36412,1364.12
pc_pMRE,1.451,58.301,50,1.16602,1166.02
pc_pMRE,1.69,114.19,50,2.2838,2283.8
pc_pMRE,1.575,89.042,50,1.78084,1780.84
pc_pMRE,1.995,4.814,50,0.09628,96.28
pc_pMRE,1.088,40.538,50,0.81076,810.76
pc_pMRE,1.344,133.828,50,2.67656,2676.56
pc_pMRE,1.649,47.63,50,0.9526,952.6
pc_pMRE,2.168,143.745,50,2.8749,2874.9
pc_pMRE,0.989,46.533,50,0.93066,930.66
pc_pMRE,1.311,26.396,50,0.52792,527.92
pc_pMRE,1.649,1.09,50,0.0218,21.8
pc_pMRE,1.146,1.835,50,0.0367,36.7
pc_pMRE,1.97,6.803,50,0.13606,136.06
pc_pMRE,1.088,58.5,50,1.17,1170
pc_pMRE,1.599,117.531,50,2.35062,2350.62
pc_pMRE,0.965,8.188,50,0.16376,163.76
pc_pMRE,1.402,94.829,50,1.89658,1896.58
pc_pMRE,1.748,93.274,50,1.86548,1865.48
pc_pMRE,2.012,45.016,50,0.90032,900.32
pc_pMRE,1.064,50.651,50,1.01302,1013.02
pc_tn5,2.144,118.288,200,0.59144,591.44
pc_tn5,2.531,63.788,200,0.31894,318.94
pc_tn5,2.482,91.555,200,0.457775,457.775
pc_tn5,2.721,77.882,200,0.38941,389.41
pc_tn5,2.127,151.202,200,0.75601,756.01
pc_tn5,1.509,78.251,200,0.391255,391.255
pc_tn5,2.086,69.941,200,0.349705,349.705
pc_tn5,2.811,97.161,200,0.485805,485.805
pc_tn5,2.21,85.243,200,0.426215,426.215
pc_tn5,1.937,118.66,200,0.5933,593.3
pc_tn5,1.88,105.781,200,0.528905,528.905
pc_tn5,2.581,96.757,200,0.483785,483.785
pc_tn5,2.877,103.745,200,0.518725,518.725
pc_tn5,2.399,58.124,200,0.29062,290.62
pc_tn5,2.91,120.975,200,0.604875,604.875
pc_tn5,2.284,106.505,200,0.532525,532.525
pc_tn5,2.111,63.32,200,0.3166,316.6
pc_tn5,2.069,47.442,200,0.23721,237.21
pc_tn5,2.127,87.213,200,0.436065,436.065
pc_tn5,1.616,48.449,200,0.242245,242.245
pc_tn5,2.622,70.088,200,0.35044,350.44
pc_tn5,1.336,96.815,200,0.484075,484.075
pc_tn5,2.201,25.442,200,0.12721,127.21
pc_tn5,1.888,78.9,200,0.3945,394.5
pc_tn5,2.449,128.182,200,0.64091,640.91
pc_tn5,1.946,178.398,200,0.89199,891.99
pc_tn5,2.21,176.037,200,0.880185,880.185
pc_tn5,2.012,178.545,200,0.892725,892.725
pc_tn5,2.622,172.019,200,0.860095,860.095
pc_tn5,2.894,114.194,200,0.57097,570.97
pc_tn5,2.02,136.282,200,0.68141,681.41
pc_tn5,2.341,153.961,200,0.769805,769.805
pc_tn5,1.179,11.007,200,0.055035,55.035
pc_tn5,1.443,101.36,200,0.5068,506.8
pc_tn5,2.531,108.651,200,0.543255,543.255
pc_tn5,1.979,172.746,200,0.86373,863.73
pc_tn5,1.451,172.966,200,0.86483,864.83
pc_tn5,1.797,113.275,200,0.566375,566.375
pc_tn5,1.492,114.177,200,0.570885,570.885
pc_tn5,2.308,102.021,200,0.510105,510.105
pc_tn5,2.102,105.953,200,0.529765,529.765
pc_tn5,1.806,75.091,200,0.375455,375.455
pc_tn5,1.905,139.13,200,0.69565,695.65
pc_tn5,1.616,126.393,200,0.631965,631.965
pc_tn5,2.3,80.452,200,0.40226,402.26
pc_tn5,1.954,118.456,200,0.59228,592.28
pc_tn5,2.036,100.364,200,0.50182,501.82
pc_tn5,2.036,68.368,200,0.34184,341.84
pc_tn5,2.877,126.433,200,0.632165,632.165
pc_tn5,1.583,57.182,200,0.28591,285.91
pc_tn5,2.416,93.648,200,0.46824,468.24
pc_tn5,2.16,85.061,200,0.425305,425.305
pc_tn5,1.566,158.074,200,0.79037,790.37
pc_tn5,1.756,121.516,200,0.60758,607.58
pc_tn5,2.993,67.97,200,0.33985,339.85
pc_tn5,1.509,47.836,200,0.23918,239.18
pc_tn5,2.704,4.588,200,0.02294,22.94
pc_tn5,2.234,54.428,200,0.27214,272.14
pc_tn5,1.492,41.525,200,0.207625,207.625
pc_tn5,1.707,123.952,200,0.61976,619.76
pc_tn5,1.905,83.043,200,0.415215,415.215
pc_tn5,2.152,45.563,200,0.227815,227.815
pc_tn5,2.308,87.579,200,0.437895,437.895
pc_tn7,1.278,83.439,100,0.83439,834.39
pc_tn7,1.22,39.845,100,0.39845,398.45
pc_tn7,0.948,91.148,100,0.91148,911.48
pc_tn7,1.377,48.389,100,0.48389,483.89
pc_tn7,0.759,77.967,100,0.77967,779.67
pc_tn7,1.278,128.523,100,1.28523,1285.23
pc_tn7,0.775,130.947,100,1.30947,1309.47
pc_tn7,0.899,60.651,100,0.60651,606.51
pc_tn7,1.097,88.571,100,0.88571,885.71
pc_tn7,0.874,66.113,100,0.66113,661.13
pc_tn7,0.874,107.491,100,1.07491,1074.91
pc_tn7,0.899,99.78,100,0.9978,997.8
pc_tn7,1.072,84.215,100,0.84215,842.15
pc_tn7,1.138,61.37,100,0.6137,613.7
pc_tn7,0.882,75.832,100,0.75832,758.32
pc_tn7,1.311,69.516,100,0.69516,695.16
pc_tn7,0.874,73.028,100,0.73028,730.28
pc_tn7,0.791,90.74,100,0.9074,907.4
pc_tn7,0.759,47.217,100,0.47217,472.17
pc_tn7,0.651,63.468,100,0.63468,634.68
pc_tn7,0.734,81.854,100,0.81854,818.54
pc_tn7,1.319,71.825,100,0.71825,718.25
pc_tn7,0.857,60.452,100,0.60452,604.52
pc_tn7,1.657,175.701,100,1.75701,1757.01
pc_tn7,1.146,129,100,1.29,1290
pc_tn7,0.915,42.324,100,0.42324,423.24
pc_tn7,0.783,45.589,100,0.45589,455.89
pc_tn7,0.791,81.438,100,0.81438,814.38
pc_tn7,1.327,147.398,100,1.47398,1473.98
pc_tn7,1.36,57.103,100,0.57103,571.03
pc_tn7,0.841,109.029,100,1.09029,1090.29
pc_tn7,0.734,46.348,100,0.46348,463.48
pc_tn7,0.684,115.988,100,1.15988,1159.88
pc_tn7,0.874,76.047,100,0.76047,760.47
pc_tn7,0.651,97.253,100,0.97253,972.53
pc_tn7,0.61,70.851,100,0.70851,708.51
pc_tn7,1.311,94.899,100,0.94899,948.99
pc_tn7,0.915,65.658,100,0.65658,656.58
pc_tn7,0.709,40.767,100,0.40767,407.67
pc_tn7,0.709,67.628,100,0.67628,676.28
pc_tn7,0.742,45.511,100,0.45511,455.11
pc_tn7,0.701,125.165,100,1.25165,1251.65
pc_tn7,1.072,29.477,100,0.29477,294.77
pc_tn7,1.039,99.659,100,0.99659,996.59
pc_tn7,1.097,65.977,100,0.65977,659.77
pc_tn7,0.981,48.975,100,0.48975,489.75
pc_tn7,1.047,40.795,100,0.40795,407.95
pc_tn7,0.734,85.944,100,0.85944,859.44
pc_tn7,0.833,34.564,100,0.34564,345.64
pc_tn7,1.13,64.27,100,0.6427,642.7
pc_tn7,0.75,39.813,100,0.39813,398.13
pc_tn7,0.734,53,100,0.53,530
pss_pMRE,1.764,92.883,50,1.85766,1857.66
pss_pMRE,1.69,120.546,50,2.41092,2410.92
pss_pMRE,1.599,82.613,50,1.65226,1652.26
pss_pMRE,1.525,91.892,50,1.83784,1837.84
pss_pMRE,1.591,154.539,50,3.09078,3090.78
pss_pMRE,2.177,99.159,50,1.98318,1983.18
pss_pMRE,0.998,141.289,50,2.82578,2825.78
pss_pMRE,1.237,156.52,50,3.1304,3130.4
pss_pMRE,1.682,97.892,50,1.95784,1957.84
pss_pMRE,1.064,121.039,50,2.42078,2420.78
pss_pMRE,1.847,108.576,50,2.17152,2171.52
pss_pMRE,1.715,90.553,50,1.81106,1811.06
pss_pMRE,2.333,141.919,50,2.83838,2838.38
pss_pMRE,1.261,44.902,50,0.89804,898.04
pss_pMRE,1.69,42.312,50,0.84624,846.24
pss_pMRE,2.638,92.416,50,1.84832,1848.32
pss_pMRE,1.558,111.868,50,2.23736,2237.36
pss_pMRE,1.905,59.065,50,1.1813,1181.3
pss_pMRE,2.589,113.427,50,2.26854,2268.54
pss_pMRE,2.028,112.203,50,2.24406,2244.06
pss_pMRE,1.649,78.185,50,1.5637,1563.7
pss_pMRE,2.21,108.056,50,2.16112,2161.12
pss_pMRE,2.663,140.78,50,2.8156,2815.6
pss_pMRE,1.863,123.425,50,2.4685,2468.5
pss_pMRE,1.608,76.159,50,1.52318,1523.18
pss_pMRE,2.358,139.462,50,2.78924,2789.24
pss_pMRE,1.27,60.325,50,1.2065,1206.5
pss_pMRE,3.158,147.953,50,2.95906,2959.06
pss_pMRE,2.325,145.663,50,2.91326,2913.26
pss_pMRE,1.055,1.219,50,0.02438,24.38
pss_pMRE,3.042,92.051,50,1.84102,1841.02
pss_pMRE,2.366,99.714,50,1.99428,1994.28
pss_pMRE,1.954,133.401,50,2.66802,2668.02
pss_pMRE,1.995,103.248,50,2.06496,2064.96
pss_pMRE,3.265,130.109,50,2.60218,2602.18
pss_pMRE,2.201,130.142,50,2.60284,2602.84
pss_pMRE,1.905,72.615,50,1.4523,1452.3
pss_pMRE,2.292,180.68,50,3.6136,3613.6
pss_pMRE,1.476,119.799,50,2.39598,2395.98
pss_pMRE,1.22,110.23,50,2.2046,2204.6
pss_pMRE,1.698,127.714,50,2.55428,2554.28
pss_pMRE,2.094,215.406,50,4.30812,4308.12
pss_pMRE,1.55,216.181,50,4.32362,4323.62
pss_pMRE,1.962,143.571,50,2.87142,2871.42
pss_pMRE,1.756,153.981,50,3.07962,3079.62
pss_pMRE,2.259,141.909,50,2.83818,2838.18
pss_pMRE,1.682,190.681,50,3.81362,3813.62
pss_pMRE,1.806,123.562,50,2.47124,2471.24
pss_pMRE,1.154,86.45,50,1.729,1729
pss_pMRE,1.937,146.962,50,2.93924,2939.24
pss_pMRE,1.583,125.745,50,2.5149,2514.9
pss_pMRE,2.094,187.693,50,3.75386,3753.86
pss_pMRE,1.954,81.827,50,1.63654,1636.54
pss_pMRE,1.946,216.64,50,4.3328,4332.8
pss_pMRE,2.531,202.036,50,4.04072,4040.72
pss_pMRE,1.665,1.188,50,0.02376,23.76
pss_pMRE,1.162,115.17,50,2.3034,2303.4
pss_pMRE,1.616,84.015,50,1.6803,1680.3
pss_pMRE,1.459,117.379,50,2.34758,2347.58
pss_pMRE,1.632,78.247,50,1.56494,1564.94
pss_pMRE,1.88,115.956,50,2.31912,2319.12
pss_pMRE,1.558,73.698,50,1.47396,1473.96
pss_pMRE,2.77,139.074,50,2.78148,2781.48
pss_tn5,1.097,186.632,50,3.73264,3732.64
pss_tn5,1.278,125.877,50,2.51754,2517.54
pss_tn5,1.327,124.857,50,2.49714,2497.14
pss_tn5,1.36,111.073,50,2.22146,2221.46
pss_tn5,1.451,137.278,50,2.74556,2745.56
pss_tn5,1.624,48.041,50,0.96082,960.82
pss_tn5,1.327,52.472,50,1.04944,1049.44
pss_tn5,1.237,2.633,50,0.05266,52.66
pss_tn5,1.459,105.158,50,2.10316,2103.16
pss_tn5,1.393,4.272,50,0.08544,85.44
pss_tn5,1.863,106.407,50,2.12814,2128.14
pss_tn5,1.385,25.774,20,1.2887,1288.7
pss_tn5,1.377,79.545,20,3.97725,3977.25
pss_tn5,1.806,83.685,20,4.18425,4184.25
pss_tn5,1.146,92.964,20,4.6482,4648.2
pss_tn5,1.146,46.158,20,2.3079,2307.9
pss_tn5,1.179,40.629,20,2.03145,2031.45
pss_tn5,1.047,53.677,20,2.68385,2683.85
pss_tn5,1.682,35.368,20,1.7684,1768.4
pss_tn5,0.816,3.899,20,0.19495,194.95
pss_tn5,1.212,66.327,20,3.31635,3316.35
sm_pMRE,1.097,170.744,50,3.41488,3414.88
sm_pMRE,0.849,105.777,50,2.11554,2115.54
sm_pMRE,0.981,106.109,50,2.12218,2122.18
sm_pMRE,1.039,102.31,50,2.0462,2046.2
sm_pMRE,1.072,72.438,50,1.44876,1448.76
sm_pMRE,1.764,83.234,50,1.66468,1664.68
sm_pMRE,1.674,73.611,50,1.47222,1472.22
sm_pMRE,0.89,103.083,50,2.06166,2061.66
sm_pMRE,1.237,58.4,50,1.168,1168
sm_pMRE,1.402,82.576,50,1.65152,1651.52
sm_pMRE,1.476,97.363,50,1.94726,1947.26
sm_pMRE,0.66,35.987,50,0.71974,719.74
sm_pMRE,1.336,56.562,50,1.13124,1131.24
sm_pMRE,1.072,52.792,50,1.05584,1055.84
sm_pMRE,1.369,64.151,50,1.28302,1283.02
sm_pMRE,1.204,70.884,50,1.41768,1417.68
sm_pMRE,1.385,111.744,50,2.23488,2234.88
sm_pMRE,1.723,36.584,50,0.73168,731.68
sm_pMRE,1.534,29.113,50,0.58226,582.26
sm_pMRE,1.097,70.451,50,1.40902,1409.02
sm_pMRE,1.41,61.292,50,1.22584,1225.84
sm_pMRE,1.715,39.577,50,0.79154,791.54
sm_pMRE,1.13,69.35,50,1.387,1387
sm_pMRE,1.905,72.991,50,1.45982,1459.82
sm_pMRE,1.946,25.801,50,0.51602,516.02
sm_pMRE,1.591,51.648,50,1.03296,1032.96
sm_pMRE,1.641,114.387,50,2.28774,2287.74
sm_pMRE,1.575,93.361,50,1.86722,1867.22
sm_pMRE,1.352,56.488,50,1.12976,1129.76
sm_pMRE,0.767,77.269,50,1.54538,1545.38
sm_pMRE,1.228,40.711,50,0.81422,814.22
sm_pMRE,1.245,73.272,50,1.46544,1465.44
sm_pMRE,1.064,82.535,50,1.6507,1650.7
sm_pMRE,1.773,51.656,50,1.03312,1033.12
sm_pMRE,1.41,87.351,50,1.74702,1747.02
sm_pMRE,1.311,66.874,50,1.33748,1337.48
sm_pMRE,1.006,81.549,50,1.63098,1630.98
sm_pMRE,1.723,52.871,50,1.05742,1057.42
sm_pMRE,1.525,90.989,50,1.81978,1819.78
sm_pMRE,1.204,52.733,50,1.05466,1054.66
sm_pMRE,0.618,51.253,50,1.02506,1025.06
sm_pMRE,0.528,75.359,50,1.50718,1507.18
sm_pMRE,1.97,71.347,50,1.42694,1426.94
sm_pMRE,0.948,62.417,50,1.24834,1248.34
sm_pMRE,1.088,74.386,50,1.48772,1487.72
sm_pMRE,1.385,51.125,50,1.0225,1022.5
sm_pMRE,1.344,111.951,50,2.23902,2239.02
sm_pMRE,0.981,40.513,50,0.81026,810.26
sm_pMRE,0.734,34.607,50,0.69214,692.14
sm_pMRE,1.492,1.006,50,0.02012,20.12
sm_pMRE,1.624,78.157,50,1.56314,1563.14
sm_pMRE,0.948,18.165,50,0.3633,363.3
sm_pMRE,1.558,117.011,50,2.34022,2340.22
sm_pMRE,1.36,72.43,50,1.4486,1448.6
sm_pMRE,1.707,127.686,50,2.55372,2553.72
sm_pMRE,1.228,131.859,50,2.63718,2637.18
sm_pMRE,1.097,105.271,50,2.10542,2105.42
sm_pMRE,1.204,81.274,50,1.62548,1625.48
sm_pMRE,1.937,98.626,50,1.97252,1972.52
sm_pMRE,1.632,58.727,50,1.17454,1174.54
sm_pMRE,1.146,75.863,50,1.51726,1517.26
sm_pMRE,1.575,131.272,50,2.62544,2625.44
sm_pMRE,1.36,94.782,50,1.89564,1895.64
sm_pMRE,1.905,38.753,50,0.77506,775.06
sm_pMRE,1.525,39.816,50,0.79632,796.32
sm_pMRE,1.055,92.031,50,1.84062,1840.62
sm_pMRE,1.286,63.25,50,1.265,1265
sm_tn5,1.105,59.097,200,0.295485,295.485
sm_tn5,1.756,104.531,200,0.522655,522.655
sm_tn5,1.36,97.115,200,0.485575,485.575
sm_tn5,1.921,153.146,200,0.76573,765.73
sm_tn5,2.012,139.131,200,0.695655,695.655
sm_tn5,1.006,64.877,200,0.324385,324.385
sm_tn5,1.674,55.143,200,0.275715,275.715
sm_tn5,2.053,124.578,200,0.62289,622.89
sm_tn5,1.014,95.496,200,0.47748,477.48
sm_tn5,1.162,84.362,200,0.42181,421.81
sm_tn5,1.237,107.347,200,0.536735,536.735
sm_tn5,1.039,69.968,200,0.34984,349.84
sm_tn5,1.253,106.441,200,0.532205,532.205
sm_tn5,0.742,1.144,200,0.00572,5.72
sm_tn5,2.045,84.77,200,0.42385,423.85
sm_tn5,0.734,81.292,200,0.40646,406.46
sm_tn5,1.146,64.957,200,0.324785,324.785
sm_tn5,1.006,121.451,200,0.607255,607.255
sm_tn5,0.956,42.086,200,0.21043,210.43
sm_tn5,1.715,100.332,200,0.50166,501.66
sm_tn5,2.35,46.123,200,0.230615,230.615
sm_tn5,1.501,85.28,200,0.4264,426.4
sm_tn5,2.036,45.425,200,0.227125,227.125
sm_tn5,1.303,2.576,200,0.01288,12.88
sm_tn5,1.064,96.233,200,0.481165,481.165
sm_tn5,1.583,36.177,200,0.180885,180.885
sm_tn5,1.055,32.945,200,0.164725,164.725
sm_tn5,0.94,34.982,200,0.17491,174.91
sm_tn5,1.154,74.6,200,0.373,373
sm_tn5,1.088,45.803,200,0.229015,229.015
sm_tn5,1.162,45.596,200,0.22798,227.98
sm_tn5,1.047,79.457,200,0.397285,397.285
sm_tn5,1.426,50.832,200,0.25416,254.16
sm_tn5,1.286,95.891,200,0.479455,479.455
sm_tn5,2.556,82.077,200,0.410385,410.385
sm_tn5,1.484,85.833,200,0.429165,429.165
sm_tn5,1.327,65.615,200,0.328075,328.075
sm_tn5,2.003,31.979,200,0.159895,159.895
sm_tn5,1.583,36.932,200,0.18466,184.66
sm_tn5,1.245,46.113,200,0.230565,230.565
sm_tn5,2.515,56.944,200,0.28472,284.72
sm_tn5,2.581,34.505,200,0.172525,172.525
sm_tn5,1.764,110.799,200,0.553995,553.995
sm_tn5,0.759,45.783,200,0.228915,228.915
sm_tn5,1.146,45.065,200,0.225325,225.325
sm_tn5,1.352,54.305,200,0.271525,271.525
sm_tn5,1.393,47.621,200,0.238105,238.105
sm_tn5,1.336,46.556,200,0.23278,232.78
sm_tn5,2.185,83.879,200,0.419395,419.395
sm_tn5,2.391,61.821,200,0.309105,309.105
sm_tn5,1.781,77.028,200,0.38514,385.14
sm_tn5,1.723,137.818,200,0.68909,689.09
sm_tn5,1.542,56.92,200,0.2846,284.6
sm_tn5,1.072,111.985,200,0.559925,559.925
sm_tn5,2.424,29.35,200,0.14675,146.75
sm_tn5,1.08,83.603,200,0.418015,418.015
sm_tn5,2.35,49.049,200,0.245245,245.245
sm_tn5,1.715,75.13,200,0.37565,375.65
sm_tn5,1.344,39.258,200,0.19629,196.29
sm_tn5,1.36,54.624,200,0.27312,273.12
sm_tn5,2.803,77.009,200,0.385045,385.045
sm_tn7,1.286,110.59,200,0.55295,552.95
sm_tn7,1.278,102.194,200,0.51097,510.97
sm_tn7,1.698,57.66,200,0.2883,288.3
sm_tn7,0.94,77.526,200,0.38763,387.63
sm_tn7,2.218,100.457,200,0.502285,502.285
sm_tn7,1.072,79.231,200,0.396155,396.155
sm_tn7,1.187,82.194,200,0.41097,410.97
sm_tn7,1.385,118.345,200,0.591725,591.725
sm_tn7,0.61,1.824,200,0.00912,9.12
sm_tn7,0.824,46.92,200,0.2346,234.6
sm_tn7,1.162,108.667,200,0.543335,543.335
sm_tn7,0.684,80.181,200,0.400905,400.905
sm_tn7,0.89,106.907,200,0.534535,534.535
sm_tn7,1.459,59.26,200,0.2963,296.3
sm_tn7,0.915,93.901,200,0.469505,469.505
sm_tn7,1.327,43.733,200,0.218665,218.665
sm_tn7,0.544,2.788,200,0.01394,13.94
sm_tn7,1.105,51.463,200,0.257315,257.315
sm_tn7,0.726,64.682,200,0.32341,323.41
sm_tn7,1.13,77.343,200,0.386715,386.715
sm_tn7,0.973,81.288,100,0.81288,812.88
sm_tn7,1.789,143.535,100,1.43535,1435.35
sm_tn7,1.36,150.909,100,1.50909,1509.09
sm_tn7,0.561,3.088,100,0.03088,30.88
sm_tn7,1.558,58.376,100,0.58376,583.76
sm_tn7,1.113,92.519,100,0.92519,925.19
sm_tn7,1.27,70.747,100,0.70747,707.47
sm_tn7,0.75,3.473,100,0.03473,34.73
sm_tn7,0.824,110.47,100,1.1047,1104.7
sm_tn7,1.162,56.546,100,0.56546,565.46
sm_tn7,0.998,75.504,100,0.75504,755.04
sm_tn7,1.583,67.635,100,0.67635,676.35
sm_tn7,0.841,69.167,100,0.69167,691.67
sm_tn7,1.905,53.095,100,0.53095,530.95
sm_tn7,0.791,63.229,100,0.63229,632.29
sm_tn7,0.857,107.548,100,1.07548,1075.48
sm_tn7,1.146,99.281,100,0.99281,992.81
sm_tn7,1.501,159.148,100,1.59148,1591.48
sm_tn7,1.822,27.629,100,0.27629,276.29
sm_tn7,1.286,62.673,100,0.62673,626.73
sm_tn7,1.253,23.263,100,0.23263,232.63
sm_tn7,1.253,57.671,100,0.57671,576.71
sm_tn7,0.948,59.139,100,0.59139,591.39
sm_tn7,1.393,66.627,100,0.66627,666.27
sm_tn7,1.228,24.631,100,0.24631,246.31
sm_tn7,1.501,66.725,100,0.66725,667.25
sm_tn7,1.212,86.741,100,0.86741,867.41
sm_tn7,1.261,74.039,100,0.74039,740.39
sm_tn7,1.113,55.726,100,0.55726,557.26
sm_tn7,1.435,137.787,100,1.37787,1377.87
sm_tn7,1.245,121.755,100,1.21755,1217.55
sm_tn7,1.113,28.119,100,0.28119,281.19
sm_tn7,1.74,77.886,100,0.77886,778.86
sm_tn7,1.171,29.866,100,0.29866,298.66
sm_tn7,1.657,83.891,100,0.83891,838.91
sm_tn7,1.756,106.103,100,1.06103,1061.03
sm_tn7,1.542,108.663,100,1.08663,1086.63
sm_tn7,1.534,91.634,100,0.91634,916.34
sm_tn7,2.449,79.273,100,0.79273,792.73
sm_tn7,1.443,51.44,100,0.5144,514.4
sm_tn7,1.146,50.007,100,0.50007,500.07
sm_tn7,0.734,60.079,100,0.60079,600.79
sm_tn7,1.27,43.864,100,0.43864,438.64
sm_tn7,1.08,74.008,100,0.74008,740.08
sp_pMRE,1.031,96.984,50,1.93968,1939.68
sp_pMRE,1.179,60.573,50,1.21146,1211.46
sp_pMRE,0.767,48.473,50,0.96946,969.46
sp_pMRE,1.228,74.852,50,1.49704,1497.04
sp_pMRE,1.756,45.113,50,0.90226,902.26
sp_pMRE,1.591,88.534,50,1.77068,1770.68
sp_pMRE,1.08,86.206,50,1.72412,1724.12
sp_pMRE,1.228,59.43,50,1.1886,1188.6
sp_pMRE,1.74,116.204,50,2.32408,2324.08
sp_pMRE,1.451,115.244,50,2.30488,2304.88
sp_pMRE,1.187,68.347,50,1.36694,1366.94
sp_pMRE,1.476,54.408,50,1.08816,1088.16
sp_pMRE,0.956,80.595,50,1.6119,1611.9
sp_pMRE,1.459,76.062,50,1.52124,1521.24
sp_pMRE,1.154,53.436,50,1.06872,1068.72
sp_pMRE,1.476,40.788,50,0.81576,815.76
sp_pMRE,0.544,59.061,50,1.18122,1181.22
sp_pMRE,1.261,1.294,50,0.02588,25.88
sp_pMRE,2.119,94.16,50,1.8832,1883.2
sp_pMRE,1.072,57.377,50,1.14754,1147.54
sp_pMRE,1.014,22.829,50,0.45658,456.58
sp_pMRE,1.204,29.185,50,0.5837,583.7
sp_pMRE,1.278,29.09,50,0.5818,581.8
sp_pMRE,1.154,53.736,50,1.07472,1074.72
sp_pMRE,1.336,53.944,50,1.07888,1078.88
sp_pMRE,1.195,48.779,50,0.97558,975.58
sp_pMRE,1.031,51.408,50,1.02816,1028.16
sp_pMRE,1.245,66.066,50,1.32132,1321.32
sp_pMRE,0.816,57.01,50,1.1402,1140.2
sp_pMRE,0.791,33.438,50,0.66876,668.76
sp_pMRE,1.385,63.762,50,1.27524,1275.24
sp_pMRE,1.22,71.615,50,1.4323,1432.3
sp_pMRE,1.022,48.29,50,0.9658,965.8
sp_pMRE,1.064,21.357,50,0.42714,427.14
sp_pMRE,1.179,89.217,50,1.78434,1784.34
sp_pMRE,2.012,41.93,50,0.8386,838.6
sp_pMRE,1.393,36.645,50,0.7329,732.9
sp_pMRE,1.525,58.557,50,1.17114,1171.14
sp_pMRE,1.575,80.717,50,1.61434,1614.34
sp_pMRE,1.031,24,50,0.48,480
sp_pMRE,0.973,37.822,50,0.75644,756.44
sp_pMRE,0.998,40.041,50,0.80082,800.82
sp_pMRE,1.088,39.235,50,0.7847,784.7
sp_pMRE,0.808,51.122,50,1.02244,1022.44
sp_pMRE,0.75,23.912,50,0.47824,478.24
sp_pMRE,0.511,2.129,50,0.04258,42.58
sp_pMRE,0.948,76.53,50,1.5306,1530.6
sp_pMRE,1.179,63.657,50,1.27314,1273.14
sp_pMRE,1.41,103.392,50,2.06784,2067.84
sp_pMRE,1.014,66.894,50,1.33788,1337.88
sp_pMRE,1.336,29.494,50,0.58988,589.88
sp_pMRE,1.047,83.126,50,1.66252,1662.52
sp_pMRE,1.121,27.588,50,0.55176,551.76
sp_pMRE,1.888,92.345,50,1.8469,1846.9
sp_pMRE,0.857,49.394,50,0.98788,987.88
sp_pMRE,1.228,53.161,50,1.06322,1063.22
sp_pMRE,1.74,38.379,50,0.76758,767.58
sp_pMRE,1.278,77.11,50,1.5422,1542.2
sp_pMRE,0.569,8.71,50,0.1742,174.2
sp_pMRE,1.27,46.416,50,0.92832,928.32
sp_pMRE,1.204,80.315,50,1.6063,1606.3
sp_pMRE,1.253,41.816,50,0.83632,836.32
sp_pMRE,1.896,87.457,50,1.74914,1749.14
sp_pMRE,0.932,57.204,50,1.14408,1144.08
sp_pMRE,0.585,45.521,50,0.91042,910.42
sp_pMRE,1.064,49.07,50,0.9814,981.4
sp_pMRE,1.047,47.15,50,0.943,943
sp_pMRE,1.113,33.963,50,0.67926,679.26
sp_pMRE,1.204,17.952,50,0.35904,359.04
sp_pMRE,1.344,35.086,50,0.70172,701.72
sp_pMRE,1.707,59.754,50,1.19508,1195.08
sp_pMRE,1.261,60.745,50,1.2149,1214.9
sp_pMRE,1.204,58.747,50,1.17494,1174.94
sp_pMRE,1.352,29.555,50,0.5911,591.1
sp_pMRE,0.932,14.053,50,0.28106,281.06
sp_pMRE,0.998,30.76,50,0.6152,615.2
sp_pMRE,1.789,58.654,50,1.17308,1173.08
sp_pMRE,1.261,40.974,50,0.81948,819.48
sp_pMRE,0.989,58.267,50,1.16534,1165.34
sp_pMRE,1.146,26.381,50,0.52762,527.62
sp_pMRE,0.956,65.905,50,1.3181,1318.1
sp_pMRE,0.849,48.544,50,0.97088,970.88
sp_pMRE,0.948,37.191,50,0.74382,743.82
sp_pMRE,1.08,57.588,50,1.15176,1151.76
sp_pMRE,1.237,43.187,50,0.86374,863.74
sp_pMRE,1.113,101.289,50,2.02578,2025.78
sp_pMRE,1.36,40.679,50,0.81358,813.58
sp_pMRE,1.344,91.294,50,1.82588,1825.88
sp_pMRE,1.294,28.65,50,0.573,573
sp_pMRE,0.824,27.24,50,0.5448,544.8
sp_tn5,0.907,76.791,200,0.383955,383.955
sp_tn5,1.327,152.118,200,0.76059,760.59
sp_tn5,1.542,85.513,200,0.427565,427.565
sp_tn5,1.154,163.257,200,0.816285,816.285
sp_tn5,0.734,41.404,200,0.20702,207.02
sp_tn5,0.874,80.113,200,0.400565,400.565
sp_tn5,1.146,83.05,200,0.41525,415.25
sp_tn5,0.8,57.918,200,0.28959,289.59
sp_tn5,0.8,83.639,200,0.418195,418.195
sp_tn5,0.676,42.012,200,0.21006,210.06
sp_tn5,1.311,133.824,200,0.66912,669.12
sp_tn5,1.435,110.172,200,0.55086,550.86
sp_tn5,1.426,74.243,200,0.371215,371.215
sp_tn5,0.923,69.188,200,0.34594,345.94
sp_tn5,1.245,137.848,200,0.68924,689.24
sp_tn5,1.336,147.846,200,0.73923,739.23
sp_tn5,1.179,68.93,200,0.34465,344.65
sp_tn5,1.855,74.013,200,0.370065,370.065
sp_tn5,0.783,103.368,200,0.51684,516.84
sp_tn5,0.965,91.855,200,0.459275,459.275
sp_tn5,1.031,64.16,200,0.3208,320.8
sp_tn5,0.8,29.608,200,0.14804,148.04
sp_tn5,1.476,106.168,200,0.53084,530.84
sp_tn5,1.402,68.641,200,0.343205,343.205
sp_tn5,1.311,76.704,200,0.38352,383.52
sp_tn5,1.031,69.944,200,0.34972,349.72
sp_tn5,1.245,57.046,200,0.28523,285.23
sp_tn5,1.13,86.117,200,0.430585,430.585
sp_tn5,1.121,68.838,200,0.34419,344.19
sp_tn5,1.237,99.6,200,0.498,498
sp_tn5,1.261,79.66,200,0.3983,398.3
sp_tn5,1.245,49.662,200,0.24831,248.31
sp_tn5,1.583,82.536,200,0.41268,412.68
sp_tn5,1.13,48.715,200,0.243575,243.575
sp_tn5,1.682,103.132,200,0.51566,515.66
sp_tn5,1.187,102.938,200,0.51469,514.69
sp_tn5,1.715,73.899,200,0.369495,369.495
sp_tn5,0.956,102.716,200,0.51358,513.58
sp_tn5,2.111,53.035,200,0.265175,265.175
sp_tn5,1.154,116.471,200,0.582355,582.355
sp_tn5,0.89,20.296,200,0.10148,101.48
sp_tn5,1.105,34.933,200,0.174665,174.665
sp_tn5,1.748,69.354,200,0.34677,346.77
sp_tn5,1.764,45.71,200,0.22855,228.55
sp_tn5,1.344,12.086,200,0.06043,60.43
sp_tn5,1.006,57.656,200,0.28828,288.28
sp_tn5,1.344,34.049,200,0.170245,170.245
sp_tn5,1.641,49.055,200,0.245275,245.275
sp_tn5,1.962,35.109,200,0.175545,175.545
sp_tn5,2.3,26.029,200,0.130145,130.145
sp_tn5,1.13,55.54,200,0.2777,277.7
sp_tn5,0.668,3.012,200,0.01506,15.06
sp_tn5,1.27,85.481,200,0.427405,427.405
sp_tn5,1.459,65.802,200,0.32901,329.01
sp_tn5,1.162,62.73,200,0.31365,313.65
sp_tn5,1.228,115.691,200,0.578455,578.455
sp_tn5,1.171,74.761,200,0.373805,373.805
sp_tn5,1.162,65.199,200,0.325995,325.995
sp_tn5,1.781,117.171,200,0.585855,585.855
sp_tn5,2.168,51.144,200,0.25572,255.72
sp_tn5,0.726,80.727,200,0.403635,403.635
sp_tn5,1.352,64.067,200,0.320335,320.335
sp_tn5,1.599,79.804,200,0.39902,399.02
sp_tn5,0.833,71.129,200,0.355645,355.645
sp_tn5,1.097,39.82,200,0.1991,199.1
sp_tn5,1.212,145.952,200,0.72976,729.76
sp_tn5,1.36,100.903,200,0.504515,504.515
sp_tn5,1.154,63.193,200,0.315965,315.965
sp_tn5,1.072,110.062,200,0.55031,550.31
sp_tn5,1.698,58.01,200,0.29005,290.05
sp_tn5,1.245,95.411,200,0.477055,477.055
sp_tn5,1.179,14.427,200,0.072135,72.135
sp_tn5,1.674,44.483,200,0.222415,222.415
sp_tn5,2.028,33.748,200,0.16874,168.74
sp_tn5,1.105,23.239,200,0.116195,116.195
sp_tn5,0.998,20.091,200,0.100455,100.455
sp_tn5,1.228,15.765,200,0.078825,78.825
sp_tn5,1.047,18.843,200,0.094215,94.215
sp_tn5,0.833,69.059,200,0.345295,345.295
sp_tn5,0.882,75.159,200,0.375795,375.795
sp_tn5,1.039,18.516,200,0.09258,92.58
sp_tn5,1.426,142.514,200,0.71257,712.57
sp_tn5,1.352,48.884,200,0.24442,244.42
sp_tn5,1.393,55.201,200,0.276005,276.005
sp_tn5,0.816,15.949,200,0.079745,79.745
sp_tn5,1.905,55.039,200,0.275195,275.195
sp_tn5,1.055,72.734,200,0.36367,363.67
sp_tn5,1.418,29.36,200,0.1468,146.8
sp_tn5,0.948,70.443,200,0.352215,352.215
sp_tn5,1.08,18.656,200,0.09328,93.28
sp_tn5,1.303,109.354,200,0.54677,546.77
sp_tn5,0.874,79.302,200,0.39651,396.51
sp_tn5,1.987,70.207,200,0.351035,351.035
sp_tn5,1.509,107,200,0.535,535
sp_tn5,1.632,52.51,200,0.26255,262.55
sp_tn5,1.36,50.412,200,0.25206,252.06
sp_tn5,0.536,3.169,200,0.015845,15.845
sp_tn5,1.146,107.799,200,0.538995,538.995
sp_tn5,1.253,61.513,200,0.307565,307.565
sp_tn5,1.245,69.146,200,0.34573,345.73
sp_tn5,1.426,82.341,200,0.411705,411.705
sp_tn5,1.022,54.581,200,0.272905,272.905
sp_tn5,1.006,93.533,200,0.467665,467.665
sp_tn5,0.89,98.694,200,0.49347,493.47