nm,Em_mSc,Abs_mSc,Em_mO2,Abs_mO2,Em_sYFP2,Abs_sYFP2,Em_mCl3,Abs_mCl3,Em_sGFP2,Abs_sGFP2,Em_mTq2,Abs_mTq2,Em_mCar,Abs_mCar,Em_mTagBFP2,Abs_mTagBFP2
570,20.21264174,,,,,,,,,,,,,,,
571.0200195,23.80399819,,,,,,,,,,,,,,,
572.0499878,28.36641089,,,,,,,,,,,,,,,
572.9400024,33.74077992,,,,,,,,,,,,,,,
573.9699707,39.70444937,,,,,,,,,,,,,,,
575,45.85561465,,,,,,,,,,,,,,,
576.0200195,52.22150798,,,,,,,,,,,,,,,
577.0499878,58.18139005,,,,,,,,,,,,,,,
577.9400024,64.25137442,,,,,,,,,,,,,,,
578.9699707,69.81619897,,,,,,,,,,,,,,,
580,75.01403679,,,,,,,,,,,,,,,
581.0200195,79.90016436,,,,,,,,,,,,,,,
582.0499878,84.14231536,,,,,,,,,,,,,,,
582.9400024,87.84024314,,,,,,,,,,,,,,,
583.9699707,91.27454978,,,,,,,,,,,,,,,
585,93.81597535,,,,,,,,,,,,,,,
586.0200195,95.94671938,,,,,,,,,,,,,,,
587.0499878,97.76211774,,,,,,,,,,,,,,,
587.9400024,98.94530454,,,,,,,,,,,,,,,
588.9699707,99.71562112,,,,,,,,,,,,,,,
590,100,,,,,,,,,,,,,,,
591.0200195,99.60506487,,,,,,,,,,,,,,,
592.0499878,98.84281062,,,,,,,,,,,,,,,
592.9400024,98.26251446,,,,,,,,,,,,,,,
593.9699707,97.22119533,,,,,,,,,,,,,,,
595,96.19626136,,,,,,,,,,,,,,,
596.0200195,94.65910597,,,,,,,,,,,,,,,
597.0499878,92.44262348,,,,,,,,,,,,,,,
597.9400024,90.32923824,,,,,,,,,,,,,,,
598.9699707,88.40432093,,,,,,,,,,,,,,,
600,86.14224074,,,,,,,,,,,,,,,
601.0200195,83.9863078,,,,,,,,,,,,,,,
602.0499878,81.39881481,,,,,,,,,,,,,,,
602.9400024,78.84005767,,,,,,,,,,,,,,,
603.9699707,76.15590419,,,,,,,,,,,,,,,
605,73.76883062,,,,,,,,,,,,,,,
606.0200195,71.39087481,,,,,,,,,,,,,,,
607.0499878,69.24442261,,,,,,,,,,,,,,,
607.9400024,66.68857899,,,,,,,,,,,,,,,
608.9699707,64.3129176,,,,,,,,,,,,,,,
610,62.1938373,,,,,,,,,,,,,,,
611.0200195,60.04086772,,,,,,,,,,,,,,,
612.0499878,57.98411521,,,,,,,,,,,,,,,
612.9400024,56.0474439,,,,,,,,,,,,,,,
613.9699707,53.93431801,,,,,,,,,,,,,,,
615,51.97879481,,,,,,,,,,,,,,,
616.0200195,49.85562808,,,,,,,,,,,,,,,
617.0499878,48.12982874,,,,,,,,,,,,,,,
617.9400024,46.21885469,,,,,,,,,,,,,,,
618.9699707,44.57223793,,,,,,,,,,,,,,,
620,42.60818863,,,,,,,,,,,,,,,
621.0200195,40.64521696,,,,,,,,,,,,,,,
622.0499878,38.61630017,,,,,,,,,,,,,,,
622.9400024,36.90622288,,,,,,,,,,,,,,,
623.9699707,35.02916439,,,,,,,,,,,,,,,
625,33.41814193,,,,,,,,,,,,,,,
626.0200195,32.05611545,,,,,,,,,,,,,,,
627.0499878,30.52024673,,,,,,,,,,,,,,,
627.9400024,28.92007528,,,,,,,,,,,,,,,
628.9699707,27.63623723,,,,,,,,,,,,,,,
630,26.22566887,,,,,,,,,,,,,,,
631.0100098,25.08792081,,,,,,,,,,,,,,,
632.0200195,23.68732623,,,,,,,,,,,,,,,
633.039978,22.23907936,,,,,,,,,,,,,,,
634.0499878,20.58136801,,,,,,,,,,,,,,,
635.0700073,19.29166086,,,,,,,,,,,,,,,
635.9400024,17.57788845,,,,,,,,,,,,,,,
636.9500122,16.03111486,,,,,,,,,,,,,,,
637.9699707,14.67279711,,,,,,,,,,,,,,,
638.9799805,13.1640829,,,,,,,,,,,,,,,
640,11.64124576,,,,,,,,,,,,,,,
641.0100098,10.37525034,,,,,,,,,,,,,,,
642.0200195,9.100753475,,,,,,,,,,,,,,,
643.039978,7.875751717,,,,,,,,,,,,,,,
644.0499878,6.548139574,,,,,,,,,,,,,,,
645.0700073,5.237582545,,,,,,,,,,,,,,,
645.9400024,3.911044936,,,,,,,,,,,,,,,
646.9500122,2.772875892,,,,,,,,,,,,,,,
647.9699707,1.678427392,,,,,,,,,,,,,,,
648.9799805,0.769789269,,,,,,,,,,,,,,,
650,0,,,,,,,,,,,,,,,
450,,0,,,,,,,,,,,,,,
451.0599976,,0.047113079,,,,,,,,,,,,,,
451.9599915,,0.092187746,,,,,,,,,,,,,,
453.0299988,,0.146641658,,,,,,,,,,,,,,
453.9299927,,0.215790499,,,,,,,,,,,,,,
455,,0.291281765,,,,,,,,,,,,,,
456.0599976,,0.380233635,,,,,,,,,,,,,,
456.9599915,,0.468170083,,,,,,,,,,,,,,
458.0299988,,0.557215986,,,,,,,,,,,,,,
458.9299927,,0.654096182,,,,,,,,,,,,,,
460,,0.750629493,,,,,,,,,,,,,,
461.0599976,,0.842100069,,,,,,,,,,,,,,
461.9599915,,0.985471753,,,,,,,,,,,,,,
463.0299988,,1.116217619,,,,,,,,,,,,,,
463.9299927,,1.218271612,,,,,,,,,,,,,,
465,,1.339681457,,,,,,,,,,,,,,
466.0599976,,1.477935241,,,,,,,,,,,,,,
466.9599915,,1.614917884,,,,,,,,,,,,,,
468.0299988,,1.751578617,,,,,,,,,,,,,,
468.9299927,,1.914166817,,,,,,,,,,,,,,
470,,2.056555742,,,,,,,,,,,,,,
471.0400085,,2.235009133,,,,,,,,,,,,,,
471.9400024,,2.40857943,,,,,,,,,,,,,,
472.980011,,2.601661723,,,,,,,,,,,,,,
474.019989,,2.842837792,,,,,,,,,,,,,,
475.0700073,,3.065418312,,,,,,,,,,,,,,
475.9700012,,3.281212036,,,,,,,,,,,,,,
477.0100098,,3.547634838,,,,,,,,,,,,,,
478.0499878,,3.83496724,,,,,,,,,,,,,,
478.9500122,,4.136321354,,,,,,,,,,,,,,
480,,4.454937278,,,,,,,,,,,,,,
481.0400085,,4.788870869,,,,,,,,,,,,,,
481.9400024,,5.108926424,,,,,,,,,,,,,,
482.980011,,5.481722,,,,,,,,,,,,,,
484.019989,,5.82857583,,,,,,,,,,,,,,
485.0700073,,6.190445259,,,,,,,,,,,,,,
485.9700012,,6.586135115,,,,,,,,,,,,,,
487.0100098,,6.952911305,,,,,,,,,,,,,,
488.0499878,,7.314940338,,,,,,,,,,,,,,
488.9500122,,7.705103614,,,,,,,,,,,,,,
490,,8.065923595,,,,,,,,,,,,,,
491.0599976,,8.493774849,,,,,,,,,,,,,,
491.9599915,,8.917845301,,,,,,,,,,,,,,
493.0299988,,9.2949326,,,,,,,,,,,,,,
493.9299927,,9.671536293,,,,,,,,,,,,,,
495,,10.06686891,,,,,,,,,,,,,,
496.0599976,,10.45404032,,,,,,,,,,,,,,
496.9599915,,10.82611404,,,,,,,,,,,,,,
498.0299988,,11.18698267,,,,,,,,,,,,,,
498.9299927,,11.58270604,,,,,,,,,,,,,,
500,,11.96186319,,,,,,,,,,,,,,
501.0400085,,12.32224221,,,,,,,,,,,,,,
501.9400024,,12.74515766,,,,,,,,,,,,,,
502.980011,,13.23119568,,,,,,,,,,,,,,
504.019989,,13.79482496,,,,,,,,,,,,,,
505.0700073,,14.3681647,,,,,,,,,,,,,,
505.9700012,,14.96007655,,,,,,,,,,,,,,
507.0100098,,15.65701428,,,,,,,,,,,,,,
508.0499878,,16.35212825,,,,,,,,,,,,,,
508.9500122,,17.12123288,,,,,,,,,,,,,,
510,,17.98743278,,,,,,,,,,,,,,
511.0400085,,18.92083924,,,,,,,,,,,,,,
511.9400024,,19.89242108,,,,,,,,,,,,,,
512.9799805,,20.97436642,,,,,,,,,,,,,,
514.0200195,,22.12638844,,,,,,,,,,,,,,
515.0700073,,23.27805172,,,,,,,,,,,,,,
515.9699707,,24.53526873,,,,,,,,,,,,,,
517.0100098,,25.88441437,,,,,,,,,,,,,,
518.0499878,,27.21376634,,,,,,,,,,,,,,
518.9500122,,28.63338698,,,,,,,,,,,,,,
520,,30.00764679,,,,,,,,,,,,,,
521.0200195,,31.38483739,,,,,,,,,,,,,,
522.0499878,,32.82287802,,,,,,,,,,,,,,
522.9400024,,34.1793193,,,,,,,,,,,,,,
523.9699707,,35.44278572,,,,,,,,,,,,,,
525,,36.68419447,,,,,,,,,,,,,,
526.0200195,,37.7958295,,,,,,,,,,,,,,
527.0499878,,38.77425179,,,,,,,,,,,,,,
527.9400024,,39.56951119,,,,,,,,,,,,,,
528.9699707,,40.28115169,,,,,,,,,,,,,,
530,,40.87708736,,,,,,,,,,,,,,
531.039978,,41.35416636,,,,,,,,,,,,,,
531.9400024,,41.75669155,,,,,,,,,,,,,,
532.9799805,,42.12684209,,,,,,,,,,,,,,
534.0200195,,42.41706479,,,,,,,,,,,,,,
535.0700073,,42.65776406,,,,,,,,,,,,,,
535.9699707,,42.97273499,,,,,,,,,,,,,,
537.0100098,,43.23502532,,,,,,,,,,,,,,
538.0499878,,43.5931079,,,,,,,,,,,,,,
538.9500122,,43.96896922,,,,,,,,,,,,,,
540,,44.37108205,,,,,,,,,,,,,,
541.0200195,,44.8394445,,,,,,,,,,,,,,
542.0499878,,45.49762422,,,,,,,,,,,,,,
542.9400024,,46.25513021,,,,,,,,,,,,,,
543.9699707,,47.07693244,,,,,,,,,,,,,,
545,,48.08901295,,,,,,,,,,,,,,
546.0200195,,49.26271317,,,,,,,,,,,,,,
547.0499878,,50.55261549,,,,,,,,,,,,,,
547.9400024,,52.11445349,,,,,,,,,,,,,,
548.9699707,,53.77919496,,,,,,,,,,,,,,
550,,55.7288322,,,,,,,,,,,,,,
551.039978,,57.73536315,,,,,,,,,,,,,,
551.9400024,,59.88992717,,,,,,,,,,,,,,
552.9799805,,62.20630748,,,,,,,,,,,,,,
554.0200195,,64.69498685,,,,,,,,,,,,,,
555.0700073,,67.27833897,,,,,,,,,,,,,,
555.9699707,,70.00784784,,,,,,,,,,,,,,
557.0100098,,72.90711741,,,,,,,,,,,,,,
558.0499878,,75.82384888,,,,,,,,,,,,,,
558.9500122,,78.86863559,,,,,,,,,,,,,,
560,,82.09394251,,,,,,,,,,,,,,
561.0200195,,85.17447472,,,,,,,,,,,,,,
562.0499878,,88.24025776,,,,,,,,,,,,,,
562.9400024,,91.11698754,,,,,,,,,,,,,,
563.9699707,,93.68680818,,,,,,,,,,,,,,
565,,95.95600357,,,,,,,,,,,,,,
566.0200195,,97.81512432,,,,,,,,,,,,,,
567.0499878,,99.07585442,,,,,,,,,,,,,,
567.9400024,,99.78714893,,,,,,,,,,,,,,
568.9699707,,100,,,,,,,,,,,,,,
570,,99.43753319,,,,,,,,,,,,,,
571.0200195,,98.41521307,,,,,,,,,,,,,,
572.0499878,,96.94584696,,,,,,,,,,,,,,
572.9400024,,94.73286128,,,,,,,,,,,,,,
573.9699707,,92.19583731,,,,,,,,,,,,,,
575,,89.22409907,,,,,,,,,,,,,,
576.0200195,,85.65360865,,,,,,,,,,,,,,
577.0499878,,81.64327612,,,,,,,,,,,,,,
577.9400024,,77.4764412,,,,,,,,,,,,,,
578.9699707,,73.10878872,,,,,,,,,,,,,,
580,,68.36024174,,,,,,,,,,,,,,
581.0200195,,63.57122031,,,,,,,,,,,,,,
582.0499878,,58.72204671,,,,,,,,,,,,,,
582.9400024,,53.99486684,,,,,,,,,,,,,,
583.9699707,,49.3161851,,,,,,,,,,,,,,
585,,44.91216617,,,,,,,,,,,,,,
586.0200195,,41.18745524,,,,,,,,,,,,,,
587.0499878,,38.03530414,,,,,,,,,,,,,,
587.9400024,,35.36583519,,,,,,,,,,,,,,
588.9699707,,33.18142267,,,,,,,,,,,,,,
590,,31.6337374,,,,,,,,,,,,,,
547.0100098,,,64.07286938,,,,,,,,,,,,,
548.0499878,,,64.87758187,,,,,,,,,,,,,
548.9500122,,,65.55466328,,,,,,,,,,,,,
550,,,66.93812668,,,,,,,,,,,,,
551.039978,,,68.6734412,,,,,,,,,,,,,
551.9400024,,,70.66518562,,,,,,,,,,,,,
552.9799805,,,73.58738522,,,,,,,,,,,,,
554.0200195,,,77.06152688,,,,,,,,,,,,,
555.0700073,,,80.48655863,,,,,,,,,,,,,
555.9699707,,,84.50000153,,,,,,,,,,,,,
557.0100098,,,87.4028714,,,,,,,,,,,,,
558.0499878,,,90.7958461,,,,,,,,,,,,,
558.9500122,,,93.13894341,,,,,,,,,,,,,
560,,,96.05852862,,,,,,,,,,,,,
561.039978,,,97.69469638,,,,,,,,,,,,,
561.9400024,,,99.15369411,,,,,,,,,,,,,
562.9799805,,,99.90848012,,,,,,,,,,,,,
564.0200195,,,100,,,,,,,,,,,,,
565.0700073,,,99.4569367,,,,,,,,,,,,,
565.9699707,,,98.48944834,,,,,,,,,,,,,
567.0100098,,,98.1150636,,,,,,,,,,,,,
568.0499878,,,97.52747742,,,,,,,,,,,,,
568.9500122,,,95.57066312,,,,,,,,,,,,,
570,,,94.61035424,,,,,,,,,,,,,
571.0200195,,,92.35059634,,,,,,,,,,,,,
572.0499878,,,90.3762953,,,,,,,,,,,,,
572.9400024,,,87.92540322,,,,,,,,,,,,,
573.9699707,,,85.05464758,,,,,,,,,,,,,
575,,,82.45498407,,,,,,,,,,,,,
576.0200195,,,79.19810564,,,,,,,,,,,,,
577.0499878,,,75.52235691,,,,,,,,,,,,,
577.9400024,,,71.92347337,,,,,,,,,,,,,
578.9699707,,,69.34091222,,,,,,,,,,,,,
580,,,66.53203046,,,,,,,,,,,,,
581.0200195,,,63.52537452,,,,,,,,,,,,,
582.0499878,,,61.15685059,,,,,,,,,,,,,
582.9400024,,,58.98211717,,,,,,,,,,,,,
583.9699707,,,57.00245175,,,,,,,,,,,,,
585,,,55.35729532,,,,,,,,,,,,,
586.0200195,,,53.58361923,,,,,,,,,,,,,
587.0499878,,,52.64357726,,,,,,,,,,,,,
587.9400024,,,50.627387,,,,,,,,,,,,,
588.9699707,,,48.67803079,,,,,,,,,,,,,
590,,,47.31349294,,,,,,,,,,,,,
591.0200195,,,46.047371,,,,,,,,,,,,,
592.0499878,,,44.67674753,,,,,,,,,,,,,
592.9400024,,,43.53899846,,,,,,,,,,,,,
593.9699707,,,41.82123129,,,,,,,,,,,,,
595,,,40.57712926,,,,,,,,,,,,,
596.0200195,,,39.45644919,,,,,,,,,,,,,
597.0499878,,,38.19735176,,,,,,,,,,,,,
597.9400024,,,36.89564061,,,,,,,,,,,,,
598.9699707,,,36.75422078,,,,,,,,,,,,,
600,,,36.20922987,,,,,,,,,,,,,
601.0200195,,,35.55140941,,,,,,,,,,,,,
602.0499878,,,35.0980135,,,,,,,,,,,,,
602.9400024,,,34.21198507,,,,,,,,,,,,,
603.9699707,,,33.06770049,,,,,,,,,,,,,
605,,,31.88505118,,,,,,,,,,,,,
606.0200195,,,30.34877781,,,,,,,,,,,,,
607.0499878,,,29.08321216,,,,,,,,,,,,,
607.9400024,,,28.46886189,,,,,,,,,,,,,
608.9699707,,,27.15294237,,,,,,,,,,,,,
610,,,25.2663835,,,,,,,,,,,,,
611.0200195,,,24.31012739,,,,,,,,,,,,,
612.0499878,,,23.5678089,,,,,,,,,,,,,
612.9400024,,,22.90424878,,,,,,,,,,,,,
613.9699707,,,22.47397103,,,,,,,,,,,,,
615,,,22.11021588,,,,,,,,,,,,,
616.0200195,,,21.48406241,,,,,,,,,,,,,
617.0499878,,,20.134209,,,,,,,,,,,,,
617.9400024,,,18.94508777,,,,,,,,,,,,,
618.9699707,,,18.18064672,,,,,,,,,,,,,
620,,,18.24563654,,,,,,,,,,,,,
621.0200195,,,17.56350403,,,,,,,,,,,,,
622.0499878,,,16.45254778,,,,,,,,,,,,,
622.9400024,,,15.95210575,,,,,,,,,,,,,
623.9699707,,,15.3169707,,,,,,,,,,,,,
625,,,14.3530077,,,,,,,,,,,,,
626.0200195,,,13.2866553,,,,,,,,,,,,,
627.0499878,,,12.34823637,,,,,,,,,,,,,
627.9400024,,,11.48559958,,,,,,,,,,,,,
628.9699707,,,10.59287456,,,,,,,,,,,,,
630,,,9.688362096,,,,,,,,,,,,,
631.0100098,,,8.837117845,,,,,,,,,,,,,
632.0200195,,,8.426972044,,,,,,,,,,,,,
633.039978,,,8.160376928,,,,,,,,,,,,,
634.0499878,,,7.915144794,,,,,,,,,,,,,
635.0700073,,,8.081193008,,,,,,,,,,,,,
635.9400024,,,7.839376525,,,,,,,,,,,,,
636.9500122,,,7.893171677,,,,,,,,,,,,,
637.9699707,,,7.267028486,,,,,,,,,,,,,
638.9799805,,,6.500007399,,,,,,,,,,,,,
640,,,5.865042442,,,,,,,,,,,,,
641.0100098,,,5.216160116,,,,,,,,,,,,,
642.0200195,,,4.912134276,,,,,,,,,,,,,
643.039978,,,3.399918383,,,,,,,,,,,,,
644.0499878,,,2.24152018,,,,,,,,,,,,,
645.0700073,,,1.586438412,,,,,,,,,,,,,
645.9400024,,,0.992125846,,,,,,,,,,,,,
646.9500122,,,0.557313349,,,,,,,,,,,,,
647.9699707,,,0.053944176,,,,,,,,,,,,,
648.9799805,,,0.091455747,,,,,,,,,,,,,
650,,,0,,,,,,,,,,,,,
400,,,,5.490042606,,,,,,,,,,,,
401.0599976,,,,5.385560936,,,,,,,,,,,,
401.9599915,,,,5.080384341,,,,,,,,,,,,
403.0299988,,,,4.714359757,,,,,,,,,,,,
403.9299927,,,,4.380738559,,,,,,,,,,,,
405,,,,4.266291192,,,,,,,,,,,,
406.0599976,,,,3.876938052,,,,,,,,,,,,
406.9599915,,,,3.641035509,,,,,,,,,,,,
408.0299988,,,,3.771397985,,,,,,,,,,,,
408.9299927,,,,3.58340672,,,,,,,,,,,,
410,,,,3.148330537,,,,,,,,,,,,
411.0599976,,,,3.083772535,,,,,,,,,,,,
411.9599915,,,,2.735501336,,,,,,,,,,,,
413.0299988,,,,2.785085784,,,,,,,,,,,,
413.9299927,,,,2.479244966,,,,,,,,,,,,
415,,,,2.233228069,,,,,,,,,,,,
416.0599976,,,,2.27599664,,,,,,,,,,,,
416.9599915,,,,2.507614985,,,,,,,,,,,,
418.0299988,,,,2.312383315,,,,,,,,,,,,
418.9299927,,,,2.639065851,,,,,,,,,,,,
420,,,,3.21216997,,,,,,,,,,,,
421.0599976,,,,3.653300604,,,,,,,,,,,,
421.9599915,,,,3.933449602,,,,,,,,,,,,
423.0299988,,,,4.290308979,,,,,,,,,,,,
423.9299927,,,,4.125329246,,,,,,,,,,,,
425,,,,4.252958967,,,,,,,,,,,,
426.0599976,,,,3.932439768,,,,,,,,,,,,
426.9599915,,,,3.498667526,,,,,,,,,,,,
428.0299988,,,,3.218731776,,,,,,,,,,,,
428.9299927,,,,2.714675983,,,,,,,,,,,,
430,,,,2.169890067,,,,,,,,,,,,
431.0599976,,,,1.730988687,,,,,,,,,,,,
431.9599915,,,,1.340809646,,,,,,,,,,,,
433.0299988,,,,0.919385028,,,,,,,,,,,,
433.9299927,,,,0.389295518,,,,,,,,,,,,
435,,,,0.313074726,,,,,,,,,,,,
436.0599976,,,,0.249612326,,,,,,,,,,,,
436.9599915,,,,0.46949166,,,,,,,,,,,,
438.0299988,,,,0.483601212,,,,,,,,,,,,
438.9299927,,,,0.657783437,,,,,,,,,,,,
440,,,,0.708388993,,,,,,,,,,,,
441.0599976,,,,0.60348739,,,,,,,,,,,,
441.9599915,,,,0.771978123,,,,,,,,,,,,
443.0299988,,,,0.79072287,,,,,,,,,,,,
443.9299927,,,,0.756364018,,,,,,,,,,,,
445,,,,0.565157193,,,,,,,,,,,,
446.0599976,,,,0.41392301,,,,,,,,,,,,
446.9599915,,,,0.125762289,,,,,,,,,,,,
448.0299988,,,,0,,,,,,,,,,,,
448.9299927,,,,0.127265293,,,,,,,,,,,,
450,,,,0.097958943,,,,,,,,,,,,
451.0599976,,,,0.396546877,,,,,,,,,,,,
451.9599915,,,,0.441657286,,,,,,,,,,,,
453.0299988,,,,0.604850831,,,,,,,,,,,,
453.9299927,,,,1.005750921,,,,,,,,,,,,
455,,,,1.104818256,,,,,,,,,,,,
456.0599976,,,,1.18352992,,,,,,,,,,,,
456.9599915,,,,1.235000912,,,,,,,,,,,,
458.0299988,,,,1.457960312,,,,,,,,,,,,
458.9299927,,,,1.612611235,,,,,,,,,,,,
460,,,,1.456111872,,,,,,,,,,,,
461.0599976,,,,1.491081183,,,,,,,,,,,,
461.9599915,,,,1.334917226,,,,,,,,,,,,
463.0299988,,,,1.342417319,,,,,,,,,,,,
463.9299927,,,,1.333874202,,,,,,,,,,,,
465,,,,1.786298989,,,,,,,,,,,,
466.0599976,,,,2.228990775,,,,,,,,,,,,
466.9599915,,,,2.434088194,,,,,,,,,,,,
468.0299988,,,,2.408116363,,,,,,,,,,,,
468.9299927,,,,2.708367986,,,,,,,,,,,,
470,,,,2.9538196,,,,,,,,,,,,
471.0400085,,,,3.931119699,,,,,,,,,,,,
471.9400024,,,,4.626521073,,,,,,,,,,,,
472.980011,,,,5.0143633,,,,,,,,,,,,
474.019989,,,,5.228298279,,,,,,,,,,,,
475.0700073,,,,5.503426641,,,,,,,,,,,,
475.9700012,,,,5.978674114,,,,,,,,,,,,
477.0100098,,,,6.61869248,,,,,,,,,,,,
478.0499878,,,,7.002039221,,,,,,,,,,,,
478.9500122,,,,7.528515183,,,,,,,,,,,,
480,,,,7.800558623,,,,,,,,,,,,
481.0400085,,,,8.008967032,,,,,,,,,,,,
481.9400024,,,,8.124168174,,,,,,,,,,,,
482.980011,,,,8.862432455,,,,,,,,,,,,
484.019989,,,,9.649272114,,,,,,,,,,,,
485.0700073,,,,10.08621497,,,,,,,,,,,,
485.9700012,,,,10.54383949,,,,,,,,,,,,
487.0100098,,,,11.07761072,,,,,,,,,,,,
488.0499878,,,,11.63560616,,,,,,,,,,,,
488.9500122,,,,12.11842276,,,,,,,,,,,,
490,,,,12.08311479,,,,,,,,,,,,
491.0599976,,,,12.7799834,,,,,,,,,,,,
491.9599915,,,,13.22443536,,,,,,,,,,,,
493.0299988,,,,13.15050247,,,,,,,,,,,,
493.9299927,,,,13.93201685,,,,,,,,,,,,
495,,,,15.03103657,,,,,,,,,,,,
496.0599976,,,,16.04741262,,,,,,,,,,,,
496.9599915,,,,16.46156025,,,,,,,,,,,,
498.0299988,,,,17.24984062,,,,,,,,,,,,
498.9299927,,,,18.10214919,,,,,,,,,,,,
500,,,,18.92284219,,,,,,,,,,,,
501.0400085,,,,20.56757823,,,,,,,,,,,,
501.9400024,,,,21.37751056,,,,,,,,,,,,
502.980011,,,,22.85260949,,,,,,,,,,,,
504.019989,,,,24.15676938,,,,,,,,,,,,
505.0700073,,,,25.07744175,,,,,,,,,,,,
505.9700012,,,,26.84364762,,,,,,,,,,,,
507.0100098,,,,28.42159616,,,,,,,,,,,,
508.0499878,,,,30.2646826,,,,,,,,,,,,
508.9500122,,,,31.50781085,,,,,,,,,,,,
510,,,,32.82523272,,,,,,,,,,,,
511.0400085,,,,33.54471887,,,,,,,,,,,,
511.9400024,,,,34.03992052,,,,,,,,,,,,
512.9799805,,,,34.82625059,,,,,,,,,,,,
514.0200195,,,,35.0254266,,,,,,,,,,,,
515.0700073,,,,34.96955502,,,,,,,,,,,,
515.9699707,,,,35.26664487,,,,,,,,,,,,
517.0100098,,,,35.78115427,,,,,,,,,,,,
518.0499878,,,,35.92733158,,,,,,,,,,,,
518.9500122,,,,35.35512006,,,,,,,,,,,,
520,,,,35.8268338,,,,,,,,,,,,
521.0200195,,,,36.33643268,,,,,,,,,,,,
522.0499878,,,,36.74367162,,,,,,,,,,,,
522.9400024,,,,36.68327639,,,,,,,,,,,,
523.9699707,,,,36.96423011,,,,,,,,,,,,
525,,,,36.90681334,,,,,,,,,,,,
526.0200195,,,,37.25193918,,,,,,,,,,,,
527.0499878,,,,37.72246655,,,,,,,,,,,,
527.9400024,,,,38.6882066,,,,,,,,,,,,
528.9699707,,,,40.54606899,,,,,,,,,,,,
530,,,,41.88937871,,,,,,,,,,,,
531.039978,,,,42.78550865,,,,,,,,,,,,
531.9400024,,,,44.83229918,,,,,,,,,,,,
532.9799805,,,,47.3507811,,,,,,,,,,,,
534.0200195,,,,50.04894483,,,,,,,,,,,,
535.0700073,,,,52.54007559,,,,,,,,,,,,
535.9699707,,,,54.98592959,,,,,,,,,,,,
537.0100098,,,,57.08118147,,,,,,,,,,,,
538.0499878,,,,59.53954323,,,,,,,,,,,,
538.9500122,,,,62.69390155,,,,,,,,,,,,
540,,,,65.86920558,,,,,,,,,,,,
541.0200195,,,,69.75392659,,,,,,,,,,,,
542.0499878,,,,73.2299965,,,,,,,,,,,,
542.9400024,,,,76.78628669,,,,,,,,,,,,
543.9699707,,,,80.52455713,,,,,,,,,,,,
545,,,,84.6474025,,,,,,,,,,,,
546.0200195,,,,87.88260597,,,,,,,,,,,,
547.0499878,,,,91.05445258,,,,,,,,,,,,
547.9400024,,,,93.37478852,,,,,,,,,,,,
548.9699707,,,,94.73938172,,,,,,,,,,,,
550,,,,96.16724274,,,,,,,,,,,,
551.039978,,,,97.08444914,,,,,,,,,,,,
551.9400024,,,,98.80809422,,,,,,,,,,,,
552.9799805,,,,99.6118633,,,,,,,,,,,,
554.0200195,,,,100,,,,,,,,,,,,
555.0700073,,,,99.61514606,,,,,,,,,,,,
555.9699707,,,,97.72984321,,,,,,,,,,,,
557.0100098,,,,96.54631141,,,,,,,,,,,,
558.0499878,,,,94.93317825,,,,,,,,,,,,
558.9500122,,,,91.99579819,,,,,,,,,,,,
560,,,,89.19651343,,,,,,,,,,,,
561.0200195,,,,86.22831401,,,,,,,,,,,,
562.0499878,,,,83.86242369,,,,,,,,,,,,
562.9400024,,,,81.46445194,,,,,,,,,,,,
563.9699707,,,,81.07927712,,,,,,,,,,,,
565,,,,80.80569961,,,,,,,,,,,,
510,,,,,29.97813123,,,,,,,,,,,
511.0599976,,,,,31.69472224,,,,,,,,,,,
511.9599915,,,,,33.77453834,,,,,,,,,,,
513.0300293,,,,,36.74473928,,,,,,,,,,,
513.9299927,,,,,40.50970619,,,,,,,,,,,
515,,,,,45.02539263,,,,,,,,,,,
516.0599976,,,,,50.25024818,,,,,,,,,,,
516.960022,,,,,56.20190645,,,,,,,,,,,
518.0300293,,,,,62.17388587,,,,,,,,,,,
518.9299927,,,,,68.12033417,,,,,,,,,,,
520,,,,,74.00134444,,,,,,,,,,,
521.039978,,,,,79.7202175,,,,,,,,,,,
521.9400024,,,,,84.92670176,,,,,,,,,,,
522.9799805,,,,,89.73382322,,,,,,,,,,,
524.0200195,,,,,93.55877807,,,,,,,,,,,
525.0700073,,,,,96.68687744,,,,,,,,,,,
525.9699707,,,,,98.7296272,,,,,,,,,,,
527.0100098,,,,,99.86344058,,,,,,,,,,,
528.0499878,,,,,100,,,,,,,,,,,
528.9500122,,,,,99.53629341,,,,,,,,,,,
530,,,,,98.38083981,,,,,,,,,,,
531.039978,,,,,96.38914838,,,,,,,,,,,
531.9400024,,,,,93.82720377,,,,,,,,,,,
532.9799805,,,,,90.83290581,,,,,,,,,,,
534.0200195,,,,,87.47083346,,,,,,,,,,,
535.0700073,,,,,84.11571396,,,,,,,,,,,
535.9699707,,,,,80.70470247,,,,,,,,,,,
537.0100098,,,,,77.38350885,,,,,,,,,,,
538.0499878,,,,,73.98918475,,,,,,,,,,,
538.9500122,,,,,70.48964702,,,,,,,,,,,
540,,,,,66.72894608,,,,,,,,,,,
541.039978,,,,,63.29114367,,,,,,,,,,,
541.9400024,,,,,60.11227983,,,,,,,,,,,
542.9799805,,,,,56.9087638,,,,,,,,,,,
544.0200195,,,,,53.80454749,,,,,,,,,,,
545.0700073,,,,,50.8851865,,,,,,,,,,,
545.9699707,,,,,48.1316015,,,,,,,,,,,
547.0100098,,,,,45.60555812,,,,,,,,,,,
548.0499878,,,,,43.24315227,,,,,,,,,,,
548.9500122,,,,,41.16323956,,,,,,,,,,,
550,,,,,39.20819616,,,,,,,,,,,
551.039978,,,,,37.27337986,,,,,,,,,,,
551.9400024,,,,,35.32264134,,,,,,,,,,,
552.9799805,,,,,33.79560067,,,,,,,,,,,
554.0200195,,,,,32.53628375,,,,,,,,,,,
555.0700073,,,,,31.23825941,,,,,,,,,,,
555.9699707,,,,,29.86485437,,,,,,,,,,,
557.0100098,,,,,28.78291009,,,,,,,,,,,
558.0499878,,,,,27.85064307,,,,,,,,,,,
558.9500122,,,,,27.00702042,,,,,,,,,,,
560,,,,,26.23034691,,,,,,,,,,,
561.039978,,,,,25.32241025,,,,,,,,,,,
561.9400024,,,,,24.47817646,,,,,,,,,,,
562.9799805,,,,,23.66095108,,,,,,,,,,,
564.0200195,,,,,22.76816369,,,,,,,,,,,
565.0700073,,,,,21.86141681,,,,,,,,,,,
565.9699707,,,,,21.18137127,,,,,,,,,,,
567.0100098,,,,,20.46971392,,,,,,,,,,,
568.0499878,,,,,19.44044208,,,,,,,,,,,
568.9500122,,,,,18.70038701,,,,,,,,,,,
570,,,,,17.92486474,,,,,,,,,,,
571.0200195,,,,,17.11130062,,,,,,,,,,,
572.0499878,,,,,16.20533882,,,,,,,,,,,
572.9400024,,,,,15.26045724,,,,,,,,,,,
573.9699707,,,,,14.44815515,,,,,,,,,,,
575,,,,,13.72409859,,,,,,,,,,,
576.0200195,,,,,12.98992281,,,,,,,,,,,
577.0499878,,,,,12.15837475,,,,,,,,,,,
577.9400024,,,,,11.39574457,,,,,,,,,,,
578.9699707,,,,,10.67869544,,,,,,,,,,,
580,,,,,9.799180813,,,,,,,,,,,
581.0200195,,,,,9.211314528,,,,,,,,,,,
582.0499878,,,,,8.523944937,,,,,,,,,,,
582.9400024,,,,,7.858735436,,,,,,,,,,,
583.9699707,,,,,7.048370265,,,,,,,,,,,
585,,,,,6.344476414,,,,,,,,,,,
586.0200195,,,,,5.633478568,,,,,,,,,,,
587.0499878,,,,,5.139635884,,,,,,,,,,,
587.9400024,,,,,4.627590455,,,,,,,,,,,
588.9699707,,,,,4.112438997,,,,,,,,,,,
590,,,,,3.658856622,,,,,,,,,,,
591.0200195,,,,,3.245026014,,,,,,,,,,,
592.0499878,,,,,2.808766803,,,,,,,,,,,
592.9400024,,,,,2.280602095,,,,,,,,,,,
593.9699707,,,,,1.859408077,,,,,,,,,,,
595,,,,,1.507858533,,,,,,,,,,,
596.0200195,,,,,1.09696316,,,,,,,,,,,
597.0499878,,,,,0.749597121,,,,,,,,,,,
597.9400024,,,,,0.444432036,,,,,,,,,,,
598.9699707,,,,,0.241760382,,,,,,,,,,,
600,,,,,0,,,,,,,,,,,
400,,,,,,3.162986955,,,,,,,,,,
401.0599976,,,,,,3.095937371,,,,,,,,,,
401.9599915,,,,,,3.029323217,,,,,,,,,,
403.0299988,,,,,,2.777203947,,,,,,,,,,
403.9299927,,,,,,2.519531206,,,,,,,,,,
405,,,,,,2.248450323,,,,,,,,,,
406.0599976,,,,,,1.948456355,,,,,,,,,,
406.9599915,,,,,,1.585545027,,,,,,,,,,
408.0299988,,,,,,1.078741689,,,,,,,,,,
408.9299927,,,,,,0.73541574,,,,,,,,,,
410,,,,,,0.453218911,,,,,,,,,,
411.0599976,,,,,,0.276320833,,,,,,,,,,
411.9599915,,,,,,0.180072825,,,,,,,,,,
413.0299988,,,,,,0.096490466,,,,,,,,,,
413.9299927,,,,,,0.107184832,,,,,,,,,,
415,,,,,,0.007470765,,,,,,,,,,
416.0599976,,,,,,0.004903523,,,,,,,,,,
416.9599915,,,,,,0,,,,,,,,,,
418.0299988,,,,,,0.042853085,,,,,,,,,,
418.9299927,,,,,,0.111277011,,,,,,,,,,
420,,,,,,0.120836453,,,,,,,,,,
421.0599976,,,,,,0.228204047,,,,,,,,,,
421.9599915,,,,,,0.316123289,,,,,,,,,,
423.0299988,,,,,,0.344172078,,,,,,,,,,
423.9299927,,,,,,0.378441005,,,,,,,,,,
425,,,,,,0.410606297,,,,,,,,,,
426.0599976,,,,,,0.522481327,,,,,,,,,,
426.9599915,,,,,,0.591277179,,,,,,,,,,
428.0299988,,,,,,0.608906617,,,,,,,,,,
428.9299927,,,,,,0.605489991,,,,,,,,,,
430,,,,,,0.596853021,,,,,,,,,,
431.0599976,,,,,,0.642871064,,,,,,,,,,
431.9599915,,,,,,0.705961523,,,,,,,,,,
433.0299988,,,,,,0.732519117,,,,,,,,,,
433.9299927,,,,,,0.845168066,,,,,,,,,,
435,,,,,,0.931510228,,,,,,,,,,
436.0599976,,,,,,1.021220079,,,,,,,,,,
436.9599915,,,,,,1.084219586,,,,,,,,,,
438.0299988,,,,,,1.200115275,,,,,,,,,,
438.9299927,,,,,,1.335757319,,,,,,,,,,
440,,,,,,1.422970956,,,,,,,,,,
441.0599976,,,,,,1.442201561,,,,,,,,,,
441.9599915,,,,,,1.488019603,,,,,,,,,,
443.0299988,,,,,,1.58105957,,,,,,,,,,
443.9299927,,,,,,1.70259859,,,,,,,,,,
445,,,,,,1.776219817,,,,,,,,,,
446.0599976,,,,,,1.934983591,,,,,,,,,,
446.9599915,,,,,,2.174271313,,,,,,,,,,
448.0299988,,,,,,2.52530047,,,,,,,,,,
448.9299927,,,,,,2.793911157,,,,,,,,,,
450,,,,,,3.07883493,,,,,,,,,,
451.0599976,,,,,,3.43167152,,,,,,,,,,
451.9599915,,,,,,3.790314094,,,,,,,,,,
453.0299988,,,,,,4.059466653,,,,,,,,,,
453.9299927,,,,,,4.414043107,,,,,,,,,,
455,,,,,,4.776804167,,,,,,,,,,
456.0599976,,,,,,5.226074158,,,,,,,,,,
456.9599915,,,,,,5.621796412,,,,,,,,,,
458.0299988,,,,,,6.046394704,,,,,,,,,,
458.9299927,,,,,,6.56848049,,,,,,,,,,
460,,,,,,7.241584111,,,,,,,,,,
461.0599976,,,,,,7.753730732,,,,,,,,,,
461.9599915,,,,,,8.385077144,,,,,,,,,,
463.0299988,,,,,,8.994807386,,,,,,,,,,
463.9299927,,,,,,9.670685745,,,,,,,,,,
465,,,,,,10.32866894,,,,,,,,,,
466.0599976,,,,,,11.07787487,,,,,,,,,,
466.9599915,,,,,,11.77308899,,,,,,,,,,
468.0299988,,,,,,12.63743212,,,,,,,,,,
468.9299927,,,,,,13.59216177,,,,,,,,,,
470,,,,,,14.56823498,,,,,,,,,,
471.0400085,,,,,,15.61557544,,,,,,,,,,
471.9400024,,,,,,16.84926967,,,,,,,,,,
472.980011,,,,,,17.87947995,,,,,,,,,,
474.019989,,,,,,18.89288202,,,,,,,,,,
475.0700073,,,,,,20.02138184,,,,,,,,,,
475.9700012,,,,,,21.25227292,,,,,,,,,,
477.0100098,,,,,,22.50697081,,,,,,,,,,
478.0499878,,,,,,23.73256448,,,,,,,,,,
478.9500122,,,,,,24.86411972,,,,,,,,,,
480,,,,,,26.00715781,,,,,,,,,,
481.0400085,,,,,,27.2379269,,,,,,,,,,
481.9400024,,,,,,28.31556322,,,,,,,,,,
482.980011,,,,,,29.30643098,,,,,,,,,,
484.019989,,,,,,30.47391423,,,,,,,,,,
485.0700073,,,,,,31.34808776,,,,,,,,,,
485.9700012,,,,,,32.13472468,,,,,,,,,,
487.0100098,,,,,,32.8594961,,,,,,,,,,
488.0499878,,,,,,33.61146472,,,,,,,,,,
488.9500122,,,,,,34.3764619,,,,,,,,,,
490,,,,,,35.08253827,,,,,,,,,,
491.0599976,,,,,,35.75222231,,,,,,,,,,
491.9599915,,,,,,36.41795214,,,,,,,,,,
493.0299988,,,,,,37.3343947,,,,,,,,,,
493.9299927,,,,,,38.18951236,,,,,,,,,,
495,,,,,,39.24199327,,,,,,,,,,
496.0599976,,,,,,40.35670912,,,,,,,,,,
496.9599915,,,,,,41.61744325,,,,,,,,,,
498.0299988,,,,,,43.22190561,,,,,,,,,,
498.9299927,,,,,,45.06079507,,,,,,,,,,
500,,,,,,47.40888,,,,,,,,,,
501.0400085,,,,,,50.02517655,,,,,,,,,,
501.9400024,,,,,,52.96831183,,,,,,,,,,
502.980011,,,,,,56.05326126,,,,,,,,,,
504.019989,,,,,,59.43046659,,,,,,,,,,
505.0700073,,,,,,63.20343885,,,,,,,,,,
505.9700012,,,,,,67.22940503,,,,,,,,,,
507.0100098,,,,,,71.55588512,,,,,,,,,,
508.0499878,,,,,,75.65812246,,,,,,,,,,
508.9500122,,,,,,80.23884002,,,,,,,,,,
510,,,,,,84.46836451,,,,,,,,,,
511.0400085,,,,,,88.35887392,,,,,,,,,,
511.9400024,,,,,,92.11761363,,,,,,,,,,
512.9799805,,,,,,95.48832975,,,,,,,,,,
514.0200195,,,,,,97.77534078,,,,,,,,,,
515.0700073,,,,,,99.37293422,,,,,,,,,,
515.9699707,,,,,,100,,,,,,,,,,
517.0100098,,,,,,99.71289273,,,,,,,,,,
518.0499878,,,,,,98.23225891,,,,,,,,,,
518.9500122,,,,,,95.21609211,,,,,,,,,,
520,,,,,,90.69434506,,,,,,,,,,
521.0200195,,,,,,85.39281604,,,,,,,,,,
522.0499878,,,,,,79.09891664,,,,,,,,,,
522.9400024,,,,,,72.11618091,,,,,,,,,,
523.9699707,,,,,,65.12874254,,,,,,,,,,
525,,,,,,58.26040944,,,,,,,,,,
526.0200195,,,,,,51.19358877,,,,,,,,,,
527.0499878,,,,,,44.71264975,,,,,,,,,,
527.9400024,,,,,,38.64931845,,,,,,,,,,
528.9699707,,,,,,33.52052207,,,,,,,,,,
530,,,,,,29.04281345,,,,,,,,,,
531.039978,,,,,,25.15122454,,,,,,,,,,
531.9400024,,,,,,21.69206528,,,,,,,,,,
532.9799805,,,,,,18.58942243,,,,,,,,,,
534.0200195,,,,,,16.06456897,,,,,,,,,,
535.0700073,,,,,,13.98862805,,,,,,,,,,
535.9699707,,,,,,12.51610531,,,,,,,,,,
537.0100098,,,,,,11.5094908,,,,,,,,,,
538.0499878,,,,,,10.95279383,,,,,,,,,,
538.9500122,,,,,,10.69061579,,,,,,,,,,
508.9500122,,,,,,,71.94017583,,,,,,,,,
510,,,,,,,75.27194464,,,,,,,,,
511.0599976,,,,,,,79.10255422,,,,,,,,,
511.9599915,,,,,,,83.25713823,,,,,,,,,
513.0300293,,,,,,,87.5155246,,,,,,,,,
513.9299927,,,,,,,91.58016739,,,,,,,,,
515,,,,,,,95.08701776,,,,,,,,,
516.0599976,,,,,,,97.62423535,,,,,,,,,
516.960022,,,,,,,99.19275667,,,,,,,,,
518.0300293,,,,,,,100,,,,,,,,,
518.9299927,,,,,,,99.87799598,,,,,,,,,
520,,,,,,,98.94080868,,,,,,,,,
521.039978,,,,,,,97.2503812,,,,,,,,,
521.9400024,,,,,,,95.03822549,,,,,,,,,
522.9799805,,,,,,,92.29001131,,,,,,,,,
524.0200195,,,,,,,89.22204658,,,,,,,,,
525.0700073,,,,,,,85.95866961,,,,,,,,,
525.9699707,,,,,,,82.45881684,,,,,,,,,
527.0100098,,,,,,,78.90093354,,,,,,,,,
528.0499878,,,,,,,75.28568187,,,,,,,,,
528.9500122,,,,,,,71.65683764,,,,,,,,,
530,,,,,,,68.18335253,,,,,,,,,
531.039978,,,,,,,64.83913035,,,,,,,,,
531.9400024,,,,,,,61.63178084,,,,,,,,,
532.9799805,,,,,,,58.50309698,,,,,,,,,
534.0200195,,,,,,,55.62868034,,,,,,,,,
535.0700073,,,,,,,52.88667542,,,,,,,,,
535.9699707,,,,,,,50.37191186,,,,,,,,,
537.0100098,,,,,,,48.08140792,,,,,,,,,
538.0499878,,,,,,,45.94732641,,,,,,,,,
538.9500122,,,,,,,43.95519247,,,,,,,,,
540,,,,,,,42.11620783,,,,,,,,,
541.039978,,,,,,,40.47052687,,,,,,,,,
541.9400024,,,,,,,39.02637296,,,,,,,,,
542.9799805,,,,,,,37.71445109,,,,,,,,,
544.0200195,,,,,,,36.454335,,,,,,,,,
545.0700073,,,,,,,35.30844605,,,,,,,,,
545.9699707,,,,,,,34.18318719,,,,,,,,,
547.0100098,,,,,,,33.17984417,,,,,,,,,
548.0499878,,,,,,,32.26887516,,,,,,,,,
548.9500122,,,,,,,31.35284012,,,,,,,,,
550,,,,,,,30.49557283,,,,,,,,,
551.039978,,,,,,,29.57502349,,,,,,,,,
551.9400024,,,,,,,28.62107648,,,,,,,,,
552.9799805,,,,,,,27.75970921,,,,,,,,,
554.0200195,,,,,,,26.89578851,,,,,,,,,
555.0700073,,,,,,,26.11082023,,,,,,,,,
555.9699707,,,,,,,25.29305387,,,,,,,,,
557.0100098,,,,,,,24.54330865,,,,,,,,,
558.0499878,,,,,,,23.65315109,,,,,,,,,
558.9500122,,,,,,,22.84741948,,,,,,,,,
560,,,,,,,22.04264249,,,,,,,,,
561.039978,,,,,,,21.184256,,,,,,,,,
561.9400024,,,,,,,20.4135594,,,,,,,,,
562.9799805,,,,,,,19.66855922,,,,,,,,,
564.0200195,,,,,,,18.89382281,,,,,,,,,
565.0700073,,,,,,,18.18894512,,,,,,,,,
565.9699707,,,,,,,17.36574478,,,,,,,,,
567.0100098,,,,,,,16.66165198,,,,,,,,,
568.0499878,,,,,,,15.94155174,,,,,,,,,
568.9500122,,,,,,,15.20515529,,,,,,,,,
570,,,,,,,14.41514983,,,,,,,,,
571.0200195,,,,,,,13.66604184,,,,,,,,,
572.0499878,,,,,,,12.91568933,,,,,,,,,
572.9400024,,,,,,,12.22043416,,,,,,,,,
573.9699707,,,,,,,11.61722898,,,,,,,,,
575,,,,,,,10.92137554,,,,,,,,,
576.0200195,,,,,,,10.3333176,,,,,,,,,
577.0499878,,,,,,,9.80022533,,,,,,,,,
577.9400024,,,,,,,9.277246171,,,,,,,,,
578.9699707,,,,,,,8.850831319,,,,,,,,,
580,,,,,,,8.461237999,,,,,,,,,
581.0200195,,,,,,,8.051784993,,,,,,,,,
582.0499878,,,,,,,7.652156574,,,,,,,,,
582.9400024,,,,,,,7.246294005,,,,,,,,,
583.9699707,,,,,,,6.931009588,,,,,,,,,
585,,,,,,,6.659117808,,,,,,,,,
586.0200195,,,,,,,6.419161056,,,,,,,,,
587.0499878,,,,,,,6.103548762,,,,,,,,,
587.9400024,,,,,,,5.851612853,,,,,,,,,
588.9699707,,,,,,,5.586616575,,,,,,,,,
590,,,,,,,5.365571833,,,,,,,,,
591.0200195,,,,,,,5.129584593,,,,,,,,,
592.0499878,,,,,,,4.941122765,,,,,,,,,
592.9400024,,,,,,,4.711201408,,,,,,,,,
593.9699707,,,,,,,4.509644366,,,,,,,,,
595,,,,,,,4.280120299,,,,,,,,,
596.0200195,,,,,,,4.099272348,,,,,,,,,
597.0499878,,,,,,,3.879210234,,,,,,,,,
597.9400024,,,,,,,3.694161796,,,,,,,,,
598.9699707,,,,,,,3.494431523,,,,,,,,,
600,,,,,,,3.345201746,,,,,,,,,
601.0200195,,,,,,,3.233117909,,,,,,,,,
602.0499878,,,,,,,3.108412002,,,,,,,,,
602.9400024,,,,,,,2.923506942,,,,,,,,,
603.9699707,,,,,,,2.732084593,,,,,,,,,
605,,,,,,,2.584397662,,,,,,,,,
606.0200195,,,,,,,2.428334466,,,,,,,,,
607.0499878,,,,,,,2.269958756,,,,,,,,,
607.9400024,,,,,,,2.139249024,,,,,,,,,
608.9699707,,,,,,,1.982324349,,,,,,,,,
610,,,,,,,1.835376313,,,,,,,,,
611.0200195,,,,,,,1.654731789,,,,,,,,,
612.0499878,,,,,,,1.557192141,,,,,,,,,
612.9400024,,,,,,,1.502710361,,,,,,,,,
613.9699707,,,,,,,1.452818307,,,,,,,,,
615,,,,,,,1.401563401,,,,,,,,,
616.0200195,,,,,,,1.313588354,,,,,,,,,
617.0499878,,,,,,,1.33557956,,,,,,,,,
617.9400024,,,,,,,1.309376913,,,,,,,,,
618.9699707,,,,,,,1.325175947,,,,,,,,,
620,,,,,,,1.338870094,,,,,,,,,
621.0200195,,,,,,,1.291301232,,,,,,,,,
622.0499878,,,,,,,1.17841046,,,,,,,,,
622.9400024,,,,,,,1.046148831,,,,,,,,,
623.9699707,,,,,,,1.008821375,,,,,,,,,
625,,,,,,,0.85346095,,,,,,,,,
626.0200195,,,,,,,0.70721022,,,,,,,,,
627.0499878,,,,,,,0.567221413,,,,,,,,,
627.9400024,,,,,,,0.410688808,,,,,,,,,
628.9699707,,,,,,,0.28686173,,,,,,,,,
630,,,,,,,0.227290537,,,,,,,,,
631.0100098,,,,,,,0.264363638,,,,,,,,,
632.0200195,,,,,,,0.271029196,,,,,,,,,
633.039978,,,,,,,0.300328913,,,,,,,,,
634.0499878,,,,,,,0.286079028,,,,,,,,,
635.0700073,,,,,,,0.269951789,,,,,,,,,
635.9400024,,,,,,,0.287278626,,,,,,,,,
636.9500122,,,,,,,0.238987236,,,,,,,,,
637.9699707,,,,,,,0.240687697,,,,,,,,,
638.9799805,,,,,,,0.205473974,,,,,,,,,
640,,,,,,,0.224271758,,,,,,,,,
641.0100098,,,,,,,0.121734217,,,,,,,,,
642.0200195,,,,,,,0.041680715,,,,,,,,,
643.039978,,,,,,,0.007973021,,,,,,,,,
644.0499878,,,,,,,0,,,,,,,,,
645.0700073,,,,,,,0.079634224,,,,,,,,,
645.9400024,,,,,,,0.170996717,,,,,,,,,
646.9500122,,,,,,,0.275236594,,,,,,,,,
647.9699707,,,,,,,0.342837412,,,,,,,,,
648.9799805,,,,,,,0.415601325,,,,,,,,,
650,,,,,,,0.538098833,,,,,,,,,
400,,,,,,,,0,,,,,,,,
401.0599976,,,,,,,,0.069793134,,,,,,,,
401.9599915,,,,,,,,0.130422071,,,,,,,,
403.0299988,,,,,,,,0.273391689,,,,,,,,
403.9299927,,,,,,,,0.299714149,,,,,,,,
405,,,,,,,,0.268171637,,,,,,,,
406.0599976,,,,,,,,0.337198896,,,,,,,,
406.9599915,,,,,,,,0.272195613,,,,,,,,
408.0299988,,,,,,,,0.217758029,,,,,,,,
408.9299927,,,,,,,,0.171404476,,,,,,,,
410,,,,,,,,0.208822987,,,,,,,,
411.0599976,,,,,,,,0.345463021,,,,,,,,
411.9599915,,,,,,,,0.328941006,,,,,,,,
413.0299988,,,,,,,,0.308355073,,,,,,,,
413.9299927,,,,,,,,0.3405788,,,,,,,,
415,,,,,,,,0.451596249,,,,,,,,
416.0599976,,,,,,,,0.460966169,,,,,,,,
416.9599915,,,,,,,,0.541706029,,,,,,,,
418.0299988,,,,,,,,0.749798881,,,,,,,,
418.9299927,,,,,,,,0.773848023,,,,,,,,
420,,,,,,,,0.81698745,,,,,,,,
421.0599976,,,,,,,,0.811142776,,,,,,,,
421.9599915,,,,,,,,0.935599375,,,,,,,,
423.0299988,,,,,,,,1.050820616,,,,,,,,
423.9299927,,,,,,,,1.162952148,,,,,,,,
425,,,,,,,,1.269900253,,,,,,,,
426.0599976,,,,,,,,1.429887261,,,,,,,,
426.9599915,,,,,,,,1.523722379,,,,,,,,
428.0299988,,,,,,,,1.61394325,,,,,,,,
428.9299927,,,,,,,,1.80624163,,,,,,,,
430,,,,,,,,2.033001287,,,,,,,,
431.0599976,,,,,,,,2.283514402,,,,,,,,
431.9599915,,,,,,,,2.526262979,,,,,,,,
433.0299988,,,,,,,,2.818003583,,,,,,,,
433.9299927,,,,,,,,3.030902302,,,,,,,,
435,,,,,,,,3.233423829,,,,,,,,
436.0599976,,,,,,,,3.484355566,,,,,,,,
436.9599915,,,,,,,,3.784517521,,,,,,,,
438.0299988,,,,,,,,4.090691164,,,,,,,,
438.9299927,,,,,,,,4.314003553,,,,,,,,
440,,,,,,,,4.541974268,,,,,,,,
441.0599976,,,,,,,,4.759832947,,,,,,,,
441.9599915,,,,,,,,5.001042801,,,,,,,,
443.0299988,,,,,,,,5.283697944,,,,,,,,
443.9299927,,,,,,,,5.544020899,,,,,,,,
445,,,,,,,,5.920108966,,,,,,,,
446.0599976,,,,,,,,6.265764735,,,,,,,,
446.9599915,,,,,,,,6.7244437,,,,,,,,
448.0299988,,,,,,,,7.227896546,,,,,,,,
448.9299927,,,,,,,,7.784039971,,,,,,,,
450,,,,,,,,8.410806538,,,,,,,,
451.0599976,,,,,,,,8.97690521,,,,,,,,
451.9599915,,,,,,,,9.55406539,,,,,,,,
453.0299988,,,,,,,,10.23208351,,,,,,,,
453.9299927,,,,,,,,10.90613174,,,,,,,,
455,,,,,,,,11.60941681,,,,,,,,
456.0599976,,,,,,,,12.45757946,,,,,,,,
456.9599915,,,,,,,,13.31802998,,,,,,,,
458.0299988,,,,,,,,14.19969965,,,,,,,,
458.9299927,,,,,,,,15.22725393,,,,,,,,
460,,,,,,,,16.33290507,,,,,,,,
461.0599976,,,,,,,,17.44762245,,,,,,,,
461.9599915,,,,,,,,18.72939441,,,,,,,,
463.0299988,,,,,,,,19.9602074,,,,,,,,
463.9299927,,,,,,,,21.28619015,,,,,,,,
465,,,,,,,,22.8819494,,,,,,,,
466.0599976,,,,,,,,24.27221286,,,,,,,,
466.9599915,,,,,,,,25.87702894,,,,,,,,
468.0299988,,,,,,,,27.47600584,,,,,,,,
468.9299927,,,,,,,,29.02474337,,,,,,,,
470,,,,,,,,30.34998677,,,,,,,,
471.0400085,,,,,,,,31.78668039,,,,,,,,
471.9400024,,,,,,,,33.19259131,,,,,,,,
472.980011,,,,,,,,34.42732954,,,,,,,,
474.019989,,,,,,,,35.76708342,,,,,,,,
475.0700073,,,,,,,,36.82395256,,,,,,,,
475.9700012,,,,,,,,37.78116911,,,,,,,,
477.0100098,,,,,,,,38.87759555,,,,,,,,
478.0499878,,,,,,,,39.80710475,,,,,,,,
478.9500122,,,,,,,,40.87563449,,,,,,,,
480,,,,,,,,41.8359277,,,,,,,,
481.0400085,,,,,,,,42.9471164,,,,,,,,
481.9400024,,,,,,,,43.84518896,,,,,,,,
482.980011,,,,,,,,44.99243469,,,,,,,,
484.019989,,,,,,,,46.12355261,,,,,,,,
485.0700073,,,,,,,,47.48140168,,,,,,,,
485.9700012,,,,,,,,49.10400369,,,,,,,,
487.0100098,,,,,,,,50.726046,,,,,,,,
488.0499878,,,,,,,,52.43324099,,,,,,,,
488.9500122,,,,,,,,54.42145409,,,,,,,,
490,,,,,,,,56.52189631,,,,,,,,
491.0599976,,,,,,,,58.80004712,,,,,,,,
491.9599915,,,,,,,,61.27942241,,,,,,,,
493.0299988,,,,,,,,64.11024823,,,,,,,,
493.9299927,,,,,,,,67.21588839,,,,,,,,
495,,,,,,,,70.42374649,,,,,,,,
496.0599976,,,,,,,,74.14993475,,,,,,,,
496.9599915,,,,,,,,77.90801206,,,,,,,,
498.0299988,,,,,,,,81.64204054,,,,,,,,
498.9299927,,,,,,,,85.48829564,,,,,,,,
500,,,,,,,,89.14787605,,,,,,,,
501.0400085,,,,,,,,92.48524127,,,,,,,,
501.9400024,,,,,,,,95.32199836,,,,,,,,
502.980011,,,,,,,,97.6120997,,,,,,,,
504.019989,,,,,,,,99.21120453,,,,,,,,
505.0700073,,,,,,,,100,,,,,,,,
505.9700012,,,,,,,,99.97785727,,,,,,,,
507.0100098,,,,,,,,98.78355209,,,,,,,,
508.0499878,,,,,,,,97.08761535,,,,,,,,
508.9500122,,,,,,,,94.0558884,,,,,,,,
510,,,,,,,,90.12556098,,,,,,,,
511.0400085,,,,,,,,85.67872784,,,,,,,,
511.9400024,,,,,,,,80.50292045,,,,,,,,
512.9799805,,,,,,,,74.6064129,,,,,,,,
514.0200195,,,,,,,,68.36676176,,,,,,,,
515.0700073,,,,,,,,62.02635529,,,,,,,,
515.9699707,,,,,,,,55.77389141,,,,,,,,
517.0100098,,,,,,,,49.65125381,,,,,,,,
518.0499878,,,,,,,,43.72298736,,,,,,,,
518.9500122,,,,,,,,37.96932743,,,,,,,,
520,,,,,,,,32.6988941,,,,,,,,
521.0200195,,,,,,,,27.62015977,,,,,,,,
522.0499878,,,,,,,,23.11212607,,,,,,,,
522.9400024,,,,,,,,19.18520771,,,,,,,,
523.9699707,,,,,,,,15.83056676,,,,,,,,
525,,,,,,,,12.82648898,,,,,,,,
526.0200195,,,,,,,,10.25124581,,,,,,,,
527.0499878,,,,,,,,8.150635893,,,,,,,,
527.9400024,,,,,,,,6.53062904,,,,,,,,
528.9699707,,,,,,,,5.293638722,,,,,,,,
530,,,,,,,,4.313082052,,,,,,,,
531.039978,,,,,,,,3.427316377,,,,,,,,
531.9400024,,,,,,,,2.820425823,,,,,,,,
532.9799805,,,,,,,,1.965051506,,,,,,,,
534.0200195,,,,,,,,1.495812015,,,,,,,,
535.0700073,,,,,,,,1.23660905,,,,,,,,
535.9699707,,,,,,,,1.222089003,,,,,,,,
537.0100098,,,,,,,,1.333740975,,,,,,,,
538.0499878,,,,,,,,1.524372341,,,,,,,,
538.9500122,,,,,,,,1.768317247,,,,,,,,
540,,,,,,,,2.088174284,,,,,,,,
500,,,,,,,,,53.24431527,,,,,,,
501.0400085,,,,,,,,,57.08542883,,,,,,,
501.9400024,,,,,,,,,61.68062063,,,,,,,
502.980011,,,,,,,,,66.9248701,,,,,,,
504.019989,,,,,,,,,72.9706491,,,,,,,
505.0700073,,,,,,,,,78.8746759,,,,,,,
505.9700012,,,,,,,,,84.27616216,,,,,,,
507.0100098,,,,,,,,,89.09537059,,,,,,,
508.0499878,,,,,,,,,93.37029097,,,,,,,
508.9500122,,,,,,,,,96.68887289,,,,,,,
510,,,,,,,,,98.70063519,,,,,,,
511.0599976,,,,,,,,,99.96517111,,,,,,,
511.9599915,,,,,,,,,100,,,,,,,
513.0300293,,,,,,,,,99.25012851,,,,,,,
513.9299927,,,,,,,,,97.16832916,,,,,,,
515,,,,,,,,,94.24800517,,,,,,,
516.0599976,,,,,,,,,90.93240586,,,,,,,
516.960022,,,,,,,,,86.70534215,,,,,,,
518.0300293,,,,,,,,,81.90947726,,,,,,,
518.9299927,,,,,,,,,77.16155262,,,,,,,
520,,,,,,,,,71.78932439,,,,,,,
521.039978,,,,,,,,,66.24362224,,,,,,,
521.9400024,,,,,,,,,60.69268677,,,,,,,
522.9799805,,,,,,,,,55.72083524,,,,,,,
524.0200195,,,,,,,,,51.0056959,,,,,,,
525.0700073,,,,,,,,,46.68193654,,,,,,,
525.9699707,,,,,,,,,42.62513106,,,,,,,
527.0100098,,,,,,,,,38.98377301,,,,,,,
528.0499878,,,,,,,,,35.56082781,,,,,,,
528.9500122,,,,,,,,,32.23547841,,,,,,,
530,,,,,,,,,29.37695,,,,,,,
531.039978,,,,,,,,,26.89557409,,,,,,,
531.9400024,,,,,,,,,24.0435077,,,,,,,
532.9799805,,,,,,,,,21.20922101,,,,,,,
534.0200195,,,,,,,,,18.64834746,,,,,,,
535.0700073,,,,,,,,,16.41517447,,,,,,,
535.9699707,,,,,,,,,14.00553778,,,,,,,
537.0100098,,,,,,,,,11.49048912,,,,,,,
538.0499878,,,,,,,,,9.477652406,,,,,,,
538.9500122,,,,,,,,,7.812011252,,,,,,,
540,,,,,,,,,6.172476459,,,,,,,
541.039978,,,,,,,,,4.515292829,,,,,,,
541.9400024,,,,,,,,,3.119135656,,,,,,,
542.9799805,,,,,,,,,1.948611667,,,,,,,
544.0200195,,,,,,,,,0.877799822,,,,,,,
545.0700073,,,,,,,,,0,,,,,,,
400,,,,,,,,,,30.6357991,,,,,,
401.0599976,,,,,,,,,,30.06302337,,,,,,
401.9599915,,,,,,,,,,29.46908202,,,,,,
403.0299988,,,,,,,,,,28.65873673,,,,,,
403.9299927,,,,,,,,,,27.85710038,,,,,,
405,,,,,,,,,,27.06223188,,,,,,
406.0599976,,,,,,,,,,26.41190422,,,,,,
406.9599915,,,,,,,,,,25.54348577,,,,,,
408.0299988,,,,,,,,,,25.02630807,,,,,,
408.9299927,,,,,,,,,,24.5853209,,,,,,
410,,,,,,,,,,24.27813246,,,,,,
411.0599976,,,,,,,,,,24.32196372,,,,,,
411.9599915,,,,,,,,,,24.37414484,,,,,,
413.0299988,,,,,,,,,,24.30629966,,,,,,
413.9299927,,,,,,,,,,24.26368406,,,,,,
415,,,,,,,,,,23.94000469,,,,,,
416.0599976,,,,,,,,,,23.70114531,,,,,,
416.9599915,,,,,,,,,,23.38004789,,,,,,
418.0299988,,,,,,,,,,23.28552703,,,,,,
418.9299927,,,,,,,,,,22.93865112,,,,,,
420,,,,,,,,,,22.76286036,,,,,,
421.0599976,,,,,,,,,,22.56454238,,,,,,
421.9599915,,,,,,,,,,22.31091809,,,,,,
423.0299988,,,,,,,,,,22.1016375,,,,,,
423.9299927,,,,,,,,,,21.99538391,,,,,,
425,,,,,,,,,,21.86451338,,,,,,
426.0599976,,,,,,,,,,21.8065864,,,,,,
426.9599915,,,,,,,,,,21.7179685,,,,,,
428.0299988,,,,,,,,,,21.59800031,,,,,,
428.9299927,,,,,,,,,,21.3908411,,,,,,
430,,,,,,,,,,21.40069503,,,,,,
431.0599976,,,,,,,,,,21.35570432,,,,,,
431.9599915,,,,,,,,,,21.39108948,,,,,,
433.0299988,,,,,,,,,,21.53594941,,,,,,
433.9299927,,,,,,,,,,21.95403028,,,,,,
435,,,,,,,,,,22.26025068,,,,,,
436.0599976,,,,,,,,,,22.60085464,,,,,,
436.9599915,,,,,,,,,,22.97093621,,,,,,
438.0299988,,,,,,,,,,23.54878817,,,,,,
438.9299927,,,,,,,,,,24.10955015,,,,,,
440,,,,,,,,,,24.73685236,,,,,,
441.0599976,,,,,,,,,,25.28505521,,,,,,
441.9599915,,,,,,,,,,25.877271,,,,,,
443.0299988,,,,,,,,,,26.53245269,,,,,,
443.9299927,,,,,,,,,,27.02838842,,,,,,
445,,,,,,,,,,27.69045145,,,,,,
446.0599976,,,,,,,,,,28.43724055,,,,,,
446.9599915,,,,,,,,,,29.35579619,,,,,,
448.0299988,,,,,,,,,,30.33521946,,,,,,
448.9299927,,,,,,,,,,31.41621878,,,,,,
450,,,,,,,,,,32.75741349,,,,,,
451.0599976,,,,,,,,,,34.08186967,,,,,,
451.9599915,,,,,,,,,,35.85653193,,,,,,
453.0299988,,,,,,,,,,37.54923946,,,,,,
453.9299927,,,,,,,,,,39.42515586,,,,,,
455,,,,,,,,,,41.35235792,,,,,,
456.0599976,,,,,,,,,,43.18195136,,,,,,
456.9599915,,,,,,,,,,45.09799728,,,,,,
458.0299988,,,,,,,,,,46.87966458,,,,,,
458.9299927,,,,,,,,,,48.67598033,,,,,,
460,,,,,,,,,,50.70311463,,,,,,
461.0599976,,,,,,,,,,52.56808108,,,,,,
461.9599915,,,,,,,,,,54.11712698,,,,,,
463.0299988,,,,,,,,,,56.00132346,,,,,,
463.9299927,,,,,,,,,,57.98944663,,,,,,
465,,,,,,,,,,59.85530897,,,,,,
466.0599976,,,,,,,,,,61.82434554,,,,,,
466.9599915,,,,,,,,,,63.73190155,,,,,,
468.0299988,,,,,,,,,,65.49640942,,,,,,
468.9299927,,,,,,,,,,67.12084782,,,,,,
470,,,,,,,,,,68.52118202,,,,,,
471.0400085,,,,,,,,,,69.85256743,,,,,,
471.9400024,,,,,,,,,,71.36169506,,,,,,
472.980011,,,,,,,,,,72.76060333,,,,,,
474.019989,,,,,,,,,,73.89422317,,,,,,
475.0700073,,,,,,,,,,75.31881166,,,,,,
475.9700012,,,,,,,,,,76.66844328,,,,,,
477.0100098,,,,,,,,,,78.27766759,,,,,,
478.0499878,,,,,,,,,,79.68355631,,,,,,
478.9500122,,,,,,,,,,81.12689016,,,,,,
480,,,,,,,,,,82.6964723,,,,,,
481.0400085,,,,,,,,,,83.88373396,,,,,,
481.9400024,,,,,,,,,,85.07555418,,,,,,
482.980011,,,,,,,,,,86.06509106,,,,,,
484.019989,,,,,,,,,,87.17143383,,,,,,
485.0700073,,,,,,,,,,88.4835504,,,,,,
485.9700012,,,,,,,,,,89.89655456,,,,,,
487.0100098,,,,,,,,,,90.88073009,,,,,,
488.0499878,,,,,,,,,,91.96263657,,,,,,
488.9500122,,,,,,,,,,93.33851928,,,,,,
490,,,,,,,,,,94.54949858,,,,,,
491.0599976,,,,,,,,,,95.40353898,,,,,,
491.9599915,,,,,,,,,,96.84253262,,,,,,
493.0299988,,,,,,,,,,97.62725796,,,,,,
493.9299927,,,,,,,,,,98.17819487,,,,,,
495,,,,,,,,,,98.79944738,,,,,,
496.0599976,,,,,,,,,,99.32389268,,,,,,
496.9599915,,,,,,,,,,99.70444158,,,,,,
498.0299988,,,,,,,,,,100,,,,,,
498.9299927,,,,,,,,,,99.81274642,,,,,,
500,,,,,,,,,,99.02800905,,,,,,
501.0400085,,,,,,,,,,98.07657529,,,,,,
501.9400024,,,,,,,,,,96.71574179,,,,,,
502.980011,,,,,,,,,,94.32023866,,,,,,
504.019989,,,,,,,,,,91.82779674,,,,,,
505.0700073,,,,,,,,,,88.69182581,,,,,,
505.9700012,,,,,,,,,,84.41327418,,,,,,
507.0100098,,,,,,,,,,80.45617217,,,,,,
508.0499878,,,,,,,,,,75.54148512,,,,,,
508.9500122,,,,,,,,,,69.96544125,,,,,,
510,,,,,,,,,,63.94360218,,,,,,
511.0400085,,,,,,,,,,58.17173003,,,,,,
511.9400024,,,,,,,,,,51.85091701,,,,,,
512.9799805,,,,,,,,,,45.97655554,,,,,,
514.0200195,,,,,,,,,,40.30738331,,,,,,
515.0700073,,,,,,,,,,34.57278715,,,,,,
515.9699707,,,,,,,,,,29.25482409,,,,,,
517.0100098,,,,,,,,,,24.43417559,,,,,,
518.0499878,,,,,,,,,,19.91665052,,,,,,
518.9500122,,,,,,,,,,16.64012599,,,,,,
520,,,,,,,,,,13.49564002,,,,,,
521.0200195,,,,,,,,,,10.75896853,,,,,,
522.0499878,,,,,,,,,,8.201618605,,,,,,
522.9400024,,,,,,,,,,6.290597526,,,,,,
523.9699707,,,,,,,,,,4.412889079,,,,,,
525,,,,,,,,,,3.084041092,,,,,,
526.0200195,,,,,,,,,,2.130323732,,,,,,
527.0499878,,,,,,,,,,1.389653519,,,,,,
527.9400024,,,,,,,,,,0.859048303,,,,,,
528.9699707,,,,,,,,,,0.303733752,,,,,,
530,,,,,,,,,,0,,,,,,
450,,,,,,,,,,,61.30624437,,,,,
451.0599976,,,,,,,,,,,62.25773673,,,,,
451.9599915,,,,,,,,,,,63.29659839,,,,,
453.0299988,,,,,,,,,,,64.64474288,,,,,
453.9299927,,,,,,,,,,,66.0296698,,,,,
455,,,,,,,,,,,67.66412849,,,,,
456.0599976,,,,,,,,,,,69.56267073,,,,,
456.9599915,,,,,,,,,,,71.58054889,,,,,
458.0299988,,,,,,,,,,,73.68318404,,,,,
458.9299927,,,,,,,,,,,75.88123093,,,,,
460,,,,,,,,,,,78.06966607,,,,,
461.0599976,,,,,,,,,,,80.62294612,,,,,
461.9599915,,,,,,,,,,,83.05659115,,,,,
463.0299988,,,,,,,,,,,85.58830416,,,,,
463.9299927,,,,,,,,,,,87.97844977,,,,,
465,,,,,,,,,,,90.22856634,,,,,
466.0599976,,,,,,,,,,,92.26530455,,,,,
466.9599915,,,,,,,,,,,94.1835035,,,,,
468.0299988,,,,,,,,,,,95.84762222,,,,,
468.9299927,,,,,,,,,,,97.40910814,,,,,
470,,,,,,,,,,,98.72469718,,,,,
471.0599976,,,,,,,,,,,99.48623234,,,,,
471.9599915,,,,,,,,,,,99.90569642,,,,,
473.0299988,,,,,,,,,,,100,,,,,
473.9299927,,,,,,,,,,,99.69714637,,,,,
475,,,,,,,,,,,98.61024805,,,,,
476.0599976,,,,,,,,,,,97.31842544,,,,,
476.9599915,,,,,,,,,,,96.15486923,,,,,
478.0299988,,,,,,,,,,,94.81875709,,,,,
478.9299927,,,,,,,,,,,93.19174131,,,,,
480,,,,,,,,,,,91.64826981,,,,,
481.0599976,,,,,,,,,,,90.31866621,,,,,
481.9599915,,,,,,,,,,,89.20828335,,,,,
483.0299988,,,,,,,,,,,87.6930092,,,,,
483.9299927,,,,,,,,,,,86.65602502,,,,,
485,,,,,,,,,,,85.59055222,,,,,
486.0599976,,,,,,,,,,,84.24558905,,,,,
486.9599915,,,,,,,,,,,82.61534751,,,,,
488.0299988,,,,,,,,,,,81.02056837,,,,,
488.9299927,,,,,,,,,,,79.99964582,,,,,
490,,,,,,,,,,,78.83942557,,,,,
491.0599976,,,,,,,,,,,77.54431099,,,,,
491.9599915,,,,,,,,,,,76.40374407,,,,,
493.0299988,,,,,,,,,,,75.77654424,,,,,
493.9299927,,,,,,,,,,,75.1343817,,,,,
495,,,,,,,,,,,74.40499295,,,,,
496.0599976,,,,,,,,,,,73.79570909,,,,,
496.9599915,,,,,,,,,,,73.45575213,,,,,
498.0299988,,,,,,,,,,,72.82525486,,,,,
498.9299927,,,,,,,,,,,72.25595554,,,,,
500,,,,,,,,,,,71.80328762,,,,,
501.0400085,,,,,,,,,,,71.47054755,,,,,
501.9400024,,,,,,,,,,,70.91175233,,,,,
502.980011,,,,,,,,,,,70.07174138,,,,,
504.019989,,,,,,,,,,,68.83901355,,,,,
505.0700073,,,,,,,,,,,68.01218757,,,,,
505.9700012,,,,,,,,,,,66.88003037,,,,,
507.0100098,,,,,,,,,,,65.69065851,,,,,
508.0499878,,,,,,,,,,,64.11126696,,,,,
508.9500122,,,,,,,,,,,62.7367774,,,,,
510,,,,,,,,,,,61.0407543,,,,,
511.0599976,,,,,,,,,,,59.42998414,,,,,
511.9599915,,,,,,,,,,,57.79066226,,,,,
513.0300293,,,,,,,,,,,56.20177719,,,,,
513.9299927,,,,,,,,,,,54.62029914,,,,,
515,,,,,,,,,,,53.05404536,,,,,
516.0599976,,,,,,,,,,,51.42031618,,,,,
516.960022,,,,,,,,,,,49.92441441,,,,,
518.0300293,,,,,,,,,,,48.37451608,,,,,
518.9299927,,,,,,,,,,,46.99985431,,,,,
520,,,,,,,,,,,45.60976167,,,,,
521.039978,,,,,,,,,,,44.4782965,,,,,
521.9400024,,,,,,,,,,,43.33792163,,,,,
522.9799805,,,,,,,,,,,42.17922668,,,,,
524.0200195,,,,,,,,,,,40.90458958,,,,,
525.0700073,,,,,,,,,,,39.72430951,,,,,
525.9699707,,,,,,,,,,,38.65489752,,,,,
527.0100098,,,,,,,,,,,37.65423324,,,,,
528.0499878,,,,,,,,,,,36.70558708,,,,,
528.9500122,,,,,,,,,,,35.74307966,,,,,
530,,,,,,,,,,,34.65282247,,,,,
531.039978,,,,,,,,,,,33.60053728,,,,,
531.9400024,,,,,,,,,,,32.55463879,,,,,
532.9799805,,,,,,,,,,,31.77299296,,,,,
534.0200195,,,,,,,,,,,31.01159225,,,,,
535.0700073,,,,,,,,,,,30.12260328,,,,,
535.9699707,,,,,,,,,,,29.34970257,,,,,
537.0100098,,,,,,,,,,,28.65905513,,,,,
538.0499878,,,,,,,,,,,28.37256536,,,,,
538.9500122,,,,,,,,,,,28.05772835,,,,,
540,,,,,,,,,,,27.98576828,,,,,
541.039978,,,,,,,,,,,28.04892987,,,,,
541.9400024,,,,,,,,,,,28.02540535,,,,,
542.9799805,,,,,,,,,,,27.74596923,,,,,
544.0200195,,,,,,,,,,,27.36189245,,,,,
545.0700073,,,,,,,,,,,26.89316605,,,,,
545.9699707,,,,,,,,,,,26.14817492,,,,,
547.0100098,,,,,,,,,,,25.11722934,,,,,
548.0499878,,,,,,,,,,,23.90968047,,,,,
548.9500122,,,,,,,,,,,22.27039089,,,,,
550,,,,,,,,,,,20.96804039,,,,,
551.039978,,,,,,,,,,,19.56204693,,,,,
551.9400024,,,,,,,,,,,18.30311741,,,,,
552.9799805,,,,,,,,,,,17.16873099,,,,,
554.0200195,,,,,,,,,,,16.11860833,,,,,
555.0700073,,,,,,,,,,,15.1614748,,,,,
555.9699707,,,,,,,,,,,14.42041094,,,,,
557.0100098,,,,,,,,,,,13.79288933,,,,,
558.0499878,,,,,,,,,,,13.25022963,,,,,
558.9500122,,,,,,,,,,,12.74514407,,,,,
560,,,,,,,,,,,12.23903596,,,,,
561.039978,,,,,,,,,,,11.59921493,,,,,
561.9400024,,,,,,,,,,,11.14289939,,,,,
562.9799805,,,,,,,,,,,10.62288776,,,,,
564.0200195,,,,,,,,,,,10.24344996,,,,,
565.0700073,,,,,,,,,,,9.713372441,,,,,
565.9699707,,,,,,,,,,,9.173947188,,,,,
567.0100098,,,,,,,,,,,8.688253738,,,,,
568.0499878,,,,,,,,,,,8.349279073,,,,,
568.9500122,,,,,,,,,,,8.017351675,,,,,
570,,,,,,,,,,,7.663729889,,,,,
571.0200195,,,,,,,,,,,7.306959753,,,,,
572.0499878,,,,,,,,,,,6.853393944,,,,,
572.9400024,,,,,,,,,,,6.271323252,,,,,
573.9699707,,,,,,,,,,,5.75163658,,,,,
575,,,,,,,,,,,5.2549695,,,,,
576.0200195,,,,,,,,,,,5.012118221,,,,,
577.0499878,,,,,,,,,,,4.62700773,,,,,
577.9400024,,,,,,,,,,,4.295768771,,,,,
578.9699707,,,,,,,,,,,3.953217055,,,,,
580,,,,,,,,,,,3.705795238,,,,,
581.0200195,,,,,,,,,,,3.530929717,,,,,
582.0499878,,,,,,,,,,,3.263029717,,,,,
582.9400024,,,,,,,,,,,3.211324718,,,,,
583.9699707,,,,,,,,,,,3.071728899,,,,,
585,,,,,,,,,,,2.801060289,,,,,
586.0200195,,,,,,,,,,,2.47579891,,,,,
587.0499878,,,,,,,,,,,2.255855816,,,,,
587.9400024,,,,,,,,,,,2.055957151,,,,,
588.9699707,,,,,,,,,,,1.937050136,,,,,
590,,,,,,,,,,,1.729964894,,,,,
591.0200195,,,,,,,,,,,1.602393201,,,,,
592.0499878,,,,,,,,,,,1.422964898,,,,,
592.9400024,,,,,,,,,,,1.242729881,,,,,
593.9699707,,,,,,,,,,,0.944832114,,,,,
595,,,,,,,,,,,0.790611143,,,,,
596.0200195,,,,,,,,,,,0.601176331,,,,,
597.0499878,,,,,,,,,,,0.446547233,,,,,
597.9400024,,,,,,,,,,,0.252451859,,,,,
598.9699707,,,,,,,,,,,0.122341868,,,,,
600,,,,,,,,,,,0,,,,,
350,,,,,,,,,,,,47.91674976,,,,
351.0700073,,,,,,,,,,,,48.08436049,,,,
352,,,,,,,,,,,,47.8053701,,,,
353.0700073,,,,,,,,,,,,47.56850336,,,,
354,,,,,,,,,,,,47.34349382,,,,
355.0700073,,,,,,,,,,,,46.98554837,,,,
356,,,,,,,,,,,,46.51028978,,,,
357.0700073,,,,,,,,,,,,45.8431785,,,,
358,,,,,,,,,,,,45.99062051,,,,
359.0700073,,,,,,,,,,,,45.64912056,,,,
360,,,,,,,,,,,,45.46110191,,,,
361.0700073,,,,,,,,,,,,45.09338716,,,,
362,,,,,,,,,,,,44.74452582,,,,
363.0700073,,,,,,,,,,,,44.76233393,,,,
364,,,,,,,,,,,,44.34958053,,,,
365.0700073,,,,,,,,,,,,43.84340688,,,,
366,,,,,,,,,,,,43.55152636,,,,
367.0700073,,,,,,,,,,,,43.46614485,,,,
368,,,,,,,,,,,,43.648406,,,,
369.0700073,,,,,,,,,,,,43.59951219,,,,
370,,,,,,,,,,,,43.93371085,,,,
371.0700073,,,,,,,,,,,,43.84789866,,,,
372,,,,,,,,,,,,43.97000455,,,,
373.0700073,,,,,,,,,,,,44.17326211,,,,
374,,,,,,,,,,,,44.42476451,,,,
375.0700073,,,,,,,,,,,,44.97816429,,,,
376,,,,,,,,,,,,46.03063622,,,,
377.0700073,,,,,,,,,,,,46.75225306,,,,
378,,,,,,,,,,,,47.53912221,,,,
379.0700073,,,,,,,,,,,,48.26676279,,,,
380,,,,,,,,,,,,49.19389282,,,,
381.0599976,,,,,,,,,,,,49.57189533,,,,
381.9599915,,,,,,,,,,,,49.98547384,,,,
383.0299988,,,,,,,,,,,,49.76230118,,,,
383.9299927,,,,,,,,,,,,49.32595349,,,,
385,,,,,,,,,,,,48.66598183,,,,
386.0599976,,,,,,,,,,,,47.90834418,,,,
386.9599915,,,,,,,,,,,,47.14513799,,,,
388.0299988,,,,,,,,,,,,47.28818788,,,,
388.9299927,,,,,,,,,,,,47.34379939,,,,
390,,,,,,,,,,,,47.3859626,,,,
391.0700073,,,,,,,,,,,,47.62555615,,,,
392,,,,,,,,,,,,47.84464185,,,,
393.0700073,,,,,,,,,,,,47.98446845,,,,
394,,,,,,,,,,,,48.47882776,,,,
395.0700073,,,,,,,,,,,,48.93236469,,,,
396,,,,,,,,,,,,49.58416578,,,,
397.0700073,,,,,,,,,,,,50.15140587,,,,
398,,,,,,,,,,,,50.88856687,,,,
399.0700073,,,,,,,,,,,,51.74123304,,,,
400,,,,,,,,,,,,52.86465281,,,,
401.0599976,,,,,,,,,,,,53.7405249,,,,
401.9599915,,,,,,,,,,,,54.66344431,,,,
403.0299988,,,,,,,,,,,,55.91378746,,,,
403.9299927,,,,,,,,,,,,56.82140236,,,,
405,,,,,,,,,,,,58.00447603,,,,
406.0599976,,,,,,,,,,,,59.1793749,,,,
406.9599915,,,,,,,,,,,,60.26693563,,,,
408.0299988,,,,,,,,,,,,61.48663564,,,,
408.9299927,,,,,,,,,,,,62.43000592,,,,
410,,,,,,,,,,,,63.61264409,,,,
411.0599976,,,,,,,,,,,,64.46289706,,,,
411.9599915,,,,,,,,,,,,65.24847606,,,,
413.0299988,,,,,,,,,,,,66.06915815,,,,
413.9299927,,,,,,,,,,,,67.01671791,,,,
415,,,,,,,,,,,,68.33631935,,,,
416.0599976,,,,,,,,,,,,69.39700735,,,,
416.9599915,,,,,,,,,,,,70.77848832,,,,
418.0299988,,,,,,,,,,,,72.21037562,,,,
418.9299927,,,,,,,,,,,,74.21249053,,,,
420,,,,,,,,,,,,76.06417398,,,,
421.0599976,,,,,,,,,,,,77.86996842,,,,
421.9599915,,,,,,,,,,,,79.81471246,,,,
423.0299988,,,,,,,,,,,,81.61469378,,,,
423.9299927,,,,,,,,,,,,83.4661276,,,,
425,,,,,,,,,,,,85.31060517,,,,
426.0599976,,,,,,,,,,,,87.09518195,,,,
426.9599915,,,,,,,,,,,,88.94987634,,,,
428.0299988,,,,,,,,,,,,90.57357172,,,,
428.9299927,,,,,,,,,,,,92.34950085,,,,
430,,,,,,,,,,,,93.57463891,,,,
431.0599976,,,,,,,,,,,,95.17185525,,,,
431.9599915,,,,,,,,,,,,96.40177434,,,,
433.0299988,,,,,,,,,,,,97.38276123,,,,
433.9299927,,,,,,,,,,,,97.91542444,,,,
435,,,,,,,,,,,,98.6998996,,,,
436.0599976,,,,,,,,,,,,99.28223904,,,,
436.9599915,,,,,,,,,,,,99.7481962,,,,
438.0299988,,,,,,,,,,,,100,,,,
438.9299927,,,,,,,,,,,,99.86370724,,,,
440,,,,,,,,,,,,99.54197118,,,,
441.0599976,,,,,,,,,,,,99.21611216,,,,
441.9599915,,,,,,,,,,,,98.53195574,,,,
443.0299988,,,,,,,,,,,,98.17491046,,,,
443.9299927,,,,,,,,,,,,97.79813983,,,,
445,,,,,,,,,,,,97.07530872,,,,
446.0599976,,,,,,,,,,,,96.40606237,,,,
446.9599915,,,,,,,,,,,,95.84807398,,,,
448.0299988,,,,,,,,,,,,95.75035496,,,,
448.9299927,,,,,,,,,,,,95.93214437,,,,
450,,,,,,,,,,,,95.95413883,,,,
451.0599976,,,,,,,,,,,,96.16953445,,,,
451.9599915,,,,,,,,,,,,96.18278197,,,,
453.0299988,,,,,,,,,,,,95.8309934,,,,
453.9299927,,,,,,,,,,,,95.52169526,,,,
455,,,,,,,,,,,,95.6693832,,,,
456.0599976,,,,,,,,,,,,95.15678232,,,,
456.9599915,,,,,,,,,,,,94.15833725,,,,
458.0299988,,,,,,,,,,,,92.8593798,,,,
458.9299927,,,,,,,,,,,,90.89885236,,,,
460,,,,,,,,,,,,88.73774357,,,,
461.0599976,,,,,,,,,,,,86.01061979,,,,
461.9599915,,,,,,,,,,,,82.77979936,,,,
463.0299988,,,,,,,,,,,,79.3069868,,,,
463.9299927,,,,,,,,,,,,75.11911812,,,,
465,,,,,,,,,,,,70.16317448,,,,
466.0599976,,,,,,,,,,,,64.93172564,,,,
466.9599915,,,,,,,,,,,,59.95665156,,,,
468.0299988,,,,,,,,,,,,54.31925162,,,,
468.9299927,,,,,,,,,,,,49.05333875,,,,
470,,,,,,,,,,,,43.78892383,,,,
471.0400085,,,,,,,,,,,,38.68670323,,,,
471.9400024,,,,,,,,,,,,33.6639203,,,,
472.980011,,,,,,,,,,,,28.96504426,,,,
474.019989,,,,,,,,,,,,24.73513994,,,,
475.0700073,,,,,,,,,,,,21.03675739,,,,
475.9700012,,,,,,,,,,,,17.58411809,,,,
477.0100098,,,,,,,,,,,,14.49060687,,,,
478.0499878,,,,,,,,,,,,11.73796136,,,,
478.9500122,,,,,,,,,,,,9.285164587,,,,
480,,,,,,,,,,,,6.888477324,,,,
481.0400085,,,,,,,,,,,,5.141192549,,,,
481.9400024,,,,,,,,,,,,3.784900568,,,,
482.980011,,,,,,,,,,,,2.763897693,,,,
484.019989,,,,,,,,,,,,1.908647331,,,,
485.0700073,,,,,,,,,,,,1.205762953,,,,
485.9700012,,,,,,,,,,,,0.69684834,,,,
487.0100098,,,,,,,,,,,,0.358555916,,,,
488.0499878,,,,,,,,,,,,0.088623372,,,,
488.9500122,,,,,,,,,,,,0,,,,
490,,,,,,,,,,,,0.164906234,,,,
491.0599976,,,,,,,,,,,,0.414297919,,,,
491.9599915,,,,,,,,,,,,0.696077211,,,,
493.0299988,,,,,,,,,,,,1.134850417,,,,
493.9299927,,,,,,,,,,,,1.621496235,,,,
495,,,,,,,,,,,,2.181032764,,,,
618.969971,,,,,,,,,,,,,83.76940885,,,
620,,,,,,,,,,,,,84.22566585,,,
621.02002,,,,,,,,,,,,,84.92031457,,,
622.049988,,,,,,,,,,,,,85.60263835,,,
622.940002,,,,,,,,,,,,,86.08012685,,,
623.969971,,,,,,,,,,,,,86.95797672,,,
625,,,,,,,,,,,,,87.93380231,,,
626.02002,,,,,,,,,,,,,88.85358031,,,
627.049988,,,,,,,,,,,,,89.64867693,,,
627.940002,,,,,,,,,,,,,90.95780256,,,
628.969971,,,,,,,,,,,,,91.83460843,,,
630,,,,,,,,,,,,,92.35361832,,,
631.01001,,,,,,,,,,,,,93.36626084,,,
632.02002,,,,,,,,,,,,,94.41326835,,,
633.039978,,,,,,,,,,,,,95.70945097,,,
634.049988,,,,,,,,,,,,,97.02989343,,,
635.070007,,,,,,,,,,,,,97.60533973,,,
635.940002,,,,,,,,,,,,,98.59354202,,,
636.950012,,,,,,,,,,,,,99.29474502,,,
637.969971,,,,,,,,,,,,,100,,,
638.979981,,,,,,,,,,,,,99.94553101,,,
640,,,,,,,,,,,,,99.98176388,,,
641.01001,,,,,,,,,,,,,99.98436345,,,
642.02002,,,,,,,,,,,,,99.29695239,,,
643.039978,,,,,,,,,,,,,98.92247225,,,
644.049988,,,,,,,,,,,,,98.398267,,,
645.070007,,,,,,,,,,,,,98.26461018,,,
645.940002,,,,,,,,,,,,,98.62210893,,,
646.950012,,,,,,,,,,,,,98.66754639,,,
647.969971,,,,,,,,,,,,,98.64574611,,,
648.979981,,,,,,,,,,,,,98.56338347,,,
650,,,,,,,,,,,,,98.50481858,,,
651.01001,,,,,,,,,,,,,97.90089482,,,
652.02002,,,,,,,,,,,,,97.25098967,,,
653.039978,,,,,,,,,,,,,97.17900598,,,
654.049988,,,,,,,,,,,,,96.50748393,,,
655.070007,,,,,,,,,,,,,95.68190852,,,
655.940002,,,,,,,,,,,,,94.8704863,,,
656.950012,,,,,,,,,,,,,93.96615519,,,
657.969971,,,,,,,,,,,,,93.31192301,,,
658.979981,,,,,,,,,,,,,92.1835792,,,
660,,,,,,,,,,,,,90.99028546,,,
661.01001,,,,,,,,,,,,,89.89583267,,,
662.02002,,,,,,,,,,,,,88.15019351,,,
663.039978,,,,,,,,,,,,,86.12106396,,,
664.049988,,,,,,,,,,,,,84.24757785,,,
665.070007,,,,,,,,,,,,,82.89330413,,,
665.940002,,,,,,,,,,,,,80.98115074,,,
666.950012,,,,,,,,,,,,,78.76130498,,,
667.969971,,,,,,,,,,,,,76.84695563,,,
668.979981,,,,,,,,,,,,,74.55261932,,,
670,,,,,,,,,,,,,72.37217062,,,
671.01001,,,,,,,,,,,,,69.9593639,,,
672.02002,,,,,,,,,,,,,67.84246907,,,
673.039978,,,,,,,,,,,,,66.08009085,,,
674.049988,,,,,,,,,,,,,63.83643102,,,
675.070007,,,,,,,,,,,,,61.87491014,,,
675.940002,,,,,,,,,,,,,60.04366234,,,
676.950012,,,,,,,,,,,,,58.44775346,,,
677.969971,,,,,,,,,,,,,56.71005212,,,
678.979981,,,,,,,,,,,,,55.03013506,,,
680,,,,,,,,,,,,,53.52941666,,,
681,,,,,,,,,,,,,51.89547119,,,
682,,,,,,,,,,,,,50.0056496,,,
683,,,,,,,,,,,,,48.26534179,,,
684,,,,,,,,,,,,,46.2144416,,,
685,,,,,,,,,,,,,44.49844291,,,
686,,,,,,,,,,,,,42.48390614,,,
687,,,,,,,,,,,,,40.93277963,,,
688,,,,,,,,,,,,,39.14790319,,,
689,,,,,,,,,,,,,37.36074949,,,
690,,,,,,,,,,,,,35.16467869,,,
691,,,,,,,,,,,,,33.21501383,,,
692,,,,,,,,,,,,,31.83668973,,,
693,,,,,,,,,,,,,30.52566735,,,
694,,,,,,,,,,,,,29.307969,,,
695,,,,,,,,,,,,,28.38267356,,,
696,,,,,,,,,,,,,27.39004486,,,
697,,,,,,,,,,,,,26.41436416,,,
698,,,,,,,,,,,,,25.088488,,,
699,,,,,,,,,,,,,23.91715305,,,
700,,,,,,,,,,,,,22.70896991,,,
701,,,,,,,,,,,,,21.4819479,,,
702,,,,,,,,,,,,,19.78440615,,,
703,,,,,,,,,,,,,17.90917755,,,
704,,,,,,,,,,,,,16.32935534,,,
705,,,,,,,,,,,,,14.53692957,,,
706,,,,,,,,,,,,,12.94618005,,,
707,,,,,,,,,,,,,11.5009204,,,
708,,,,,,,,,,,,,10.3717932,,,
709,,,,,,,,,,,,,9.358898034,,,
710,,,,,,,,,,,,,8.093219286,,,
711,,,,,,,,,,,,,6.84368706,,,
712,,,,,,,,,,,,,5.664501403,,,
713,,,,,,,,,,,,,4.642892078,,,
714,,,,,,,,,,,,,3.440811594,,,
715,,,,,,,,,,,,,2.390422567,,,
716,,,,,,,,,,,,,1.573562096,,,
717,,,,,,,,,,,,,0.934081488,,,
718,,,,,,,,,,,,,0.470460913,,,
719,,,,,,,,,,,,,0.12326056,,,
720,,,,,,,,,,,,,0,,,
500,,,,,,,,,,,,,,0,,
501.040009,,,,,,,,,,,,,,0.235632566,,
501.940002,,,,,,,,,,,,,,0.489619759,,
502.980011,,,,,,,,,,,,,,0.825201529,,
504.019989,,,,,,,,,,,,,,1.074121308,,
505.070007,,,,,,,,,,,,,,1.389878225,,
505.970001,,,,,,,,,,,,,,1.561611103,,
507.01001,,,,,,,,,,,,,,1.719302549,,
508.049988,,,,,,,,,,,,,,1.895654966,,
508.950012,,,,,,,,,,,,,,2.085237586,,
510,,,,,,,,,,,,,,2.252878617,,
511.040009,,,,,,,,,,,,,,2.650407767,,
511.940002,,,,,,,,,,,,,,2.978927829,,
512.979981,,,,,,,,,,,,,,3.300426208,,
514.02002,,,,,,,,,,,,,,3.659739873,,
515.070007,,,,,,,,,,,,,,3.944056177,,
515.969971,,,,,,,,,,,,,,4.140542786,,
517.01001,,,,,,,,,,,,,,4.346527666,,
518.049988,,,,,,,,,,,,,,4.513905699,,
518.950012,,,,,,,,,,,,,,4.74048293,,
520,,,,,,,,,,,,,,4.997846776,,
521.02002,,,,,,,,,,,,,,5.246437521,,
522.049988,,,,,,,,,,,,,,5.379771018,,
522.940002,,,,,,,,,,,,,,5.590567722,,
523.969971,,,,,,,,,,,,,,5.861730385,,
525,,,,,,,,,,,,,,6.183074003,,
526.02002,,,,,,,,,,,,,,6.689465481,,
527.049988,,,,,,,,,,,,,,7.116858947,,
527.940002,,,,,,,,,,,,,,7.46913026,,
528.969971,,,,,,,,,,,,,,7.772577919,,
530,,,,,,,,,,,,,,8.261355495,,
531.039978,,,,,,,,,,,,,,8.85205314,,
531.940002,,,,,,,,,,,,,,9.438076706,,
532.979981,,,,,,,,,,,,,,10.18532667,,
534.02002,,,,,,,,,,,,,,10.91461388,,
535.070007,,,,,,,,,,,,,,11.76838938,,
535.969971,,,,,,,,,,,,,,12.62460038,,
537.01001,,,,,,,,,,,,,,13.36671978,,
538.049988,,,,,,,,,,,,,,14.3593898,,
538.950012,,,,,,,,,,,,,,15.23992908,,
540,,,,,,,,,,,,,,16.05243325,,
541.02002,,,,,,,,,,,,,,16.94047457,,
542.049988,,,,,,,,,,,,,,17.94139831,,
542.940002,,,,,,,,,,,,,,18.83507741,,
543.969971,,,,,,,,,,,,,,19.70278355,,
545,,,,,,,,,,,,,,20.60365257,,
546.02002,,,,,,,,,,,,,,21.48164221,,
547.049988,,,,,,,,,,,,,,22.53139234,,
547.940002,,,,,,,,,,,,,,23.76873858,,
548.969971,,,,,,,,,,,,,,24.73769628,,
550,,,,,,,,,,,,,,25.61903994,,
551.039978,,,,,,,,,,,,,,26.53667048,,
551.940002,,,,,,,,,,,,,,27.42747249,,
552.979981,,,,,,,,,,,,,,28.54751439,,
554.02002,,,,,,,,,,,,,,29.63286203,,
555.070007,,,,,,,,,,,,,,30.50966599,,
555.969971,,,,,,,,,,,,,,31.2922582,,
557.01001,,,,,,,,,,,,,,32.05233234,,
558.049988,,,,,,,,,,,,,,32.80928923,,
558.950012,,,,,,,,,,,,,,33.49653202,,
560,,,,,,,,,,,,,,34.64887473,,
561.02002,,,,,,,,,,,,,,35.5582634,,
562.049988,,,,,,,,,,,,,,36.24192445,,
562.940002,,,,,,,,,,,,,,37.13550543,,
563.969971,,,,,,,,,,,,,,38.13612368,,
565,,,,,,,,,,,,,,39.36899032,,
566.02002,,,,,,,,,,,,,,40.27292682,,
567.049988,,,,,,,,,,,,,,41.37690468,,
567.940002,,,,,,,,,,,,,,42.06019334,,
568.969971,,,,,,,,,,,,,,43.04974113,,
570,,,,,,,,,,,,,,43.69321586,,
571.02002,,,,,,,,,,,,,,44.26117642,,
572.049988,,,,,,,,,,,,,,44.96624255,,
572.940002,,,,,,,,,,,,,,45.65491353,,
573.969971,,,,,,,,,,,,,,46.37791742,,
575,,,,,,,,,,,,,,47.58136431,,
576.02002,,,,,,,,,,,,,,48.86333621,,
577.049988,,,,,,,,,,,,,,50.05560186,,
577.940002,,,,,,,,,,,,,,51.23981392,,
578.969971,,,,,,,,,,,,,,52.77488887,,
580,,,,,,,,,,,,,,54.55255736,,
581.02002,,,,,,,,,,,,,,56.96989843,,
582.049988,,,,,,,,,,,,,,59.2032483,,
582.940002,,,,,,,,,,,,,,61.24364891,,
583.969971,,,,,,,,,,,,,,63.13121229,,
585,,,,,,,,,,,,,,64.85085374,,
586.02002,,,,,,,,,,,,,,66.84041282,,
587.049988,,,,,,,,,,,,,,69.24411341,,
587.940002,,,,,,,,,,,,,,71.57743105,,
588.969971,,,,,,,,,,,,,,73.70863096,,
590,,,,,,,,,,,,,,76.11805322,,
591.01001,,,,,,,,,,,,,,78.31729772,,
592.02002,,,,,,,,,,,,,,80.88541282,,
593.039978,,,,,,,,,,,,,,83.35646445,,
594.049988,,,,,,,,,,,,,,85.92557176,,
595.070007,,,,,,,,,,,,,,88.19310777,,
595.940002,,,,,,,,,,,,,,90.49071385,,
596.950012,,,,,,,,,,,,,,92.66691621,,
597.969971,,,,,,,,,,,,,,94.62365061,,
598.979981,,,,,,,,,,,,,,95.9694718,,
600,,,,,,,,,,,,,,97.25412131,,
601.02002,,,,,,,,,,,,,,97.81017628,,
602.049988,,,,,,,,,,,,,,98.93118427,,
602.940002,,,,,,,,,,,,,,99.44783953,,
603.969971,,,,,,,,,,,,,,100,,
605,,,,,,,,,,,,,,99.78217744,,
606.02002,,,,,,,,,,,,,,99.45283653,,
607.049988,,,,,,,,,,,,,,98.27105646,,
607.940002,,,,,,,,,,,,,,97.26892045,,
608.969971,,,,,,,,,,,,,,96.45419066,,
610,,,,,,,,,,,,,,95.23127972,,
611.01001,,,,,,,,,,,,,,93.14765248,,
612.02002,,,,,,,,,,,,,,91.66137031,,
613.039978,,,,,,,,,,,,,,89.36615564,,
614.049988,,,,,,,,,,,,,,87.53597348,,
615.070007,,,,,,,,,,,,,,85.00617555,,
615.940002,,,,,,,,,,,,,,83.09661371,,
616.950012,,,,,,,,,,,,,,80.69927861,,
617.969971,,,,,,,,,,,,,,78.41281997,,
618.979981,,,,,,,,,,,,,,75.61286897,,
620,,,,,,,,,,,,,,72.62432361,,
621.01001,,,,,,,,,,,,,,69.680405,,
622.02002,,,,,,,,,,,,,,66.63428102,,
623.039978,,,,,,,,,,,,,,63.36537516,,
624.049988,,,,,,,,,,,,,,60.96189731,,
625.070007,,,,,,,,,,,,,,58.64141145,,
426,,,,,,,,,,,,,,,14.25960336,
427.070007,,,,,,,,,,,,,,,15.07907586,
428,,,,,,,,,,,,,,,16.25409304,
429.070007,,,,,,,,,,,,,,,17.72856773,
430,,,,,,,,,,,,,,,19.56931818,
431.059998,,,,,,,,,,,,,,,21.77038715,
431.959992,,,,,,,,,,,,,,,24.32142004,
433.029999,,,,,,,,,,,,,,,27.17803515,
433.929993,,,,,,,,,,,,,,,30.42064864,
435,,,,,,,,,,,,,,,33.97031885,
436.059998,,,,,,,,,,,,,,,37.90253305,
436.959992,,,,,,,,,,,,,,,42.09032728,
438.029999,,,,,,,,,,,,,,,46.40500485,
438.929993,,,,,,,,,,,,,,,50.81234993,
440,,,,,,,,,,,,,,,55.39376117,
441.070007,,,,,,,,,,,,,,,59.99752699,
442,,,,,,,,,,,,,,,64.57964656,
443.070007,,,,,,,,,,,,,,,69.04130901,
444,,,,,,,,,,,,,,,73.401097,
445.070007,,,,,,,,,,,,,,,77.59643323,
446,,,,,,,,,,,,,,,81.59204267,
447.070007,,,,,,,,,,,,,,,85.24343377,
448,,,,,,,,,,,,,,,88.62498632,
449.070007,,,,,,,,,,,,,,,91.57173161,
450,,,,,,,,,,,,,,,94.09473658,
451.059998,,,,,,,,,,,,,,,96.22431663,
451.959992,,,,,,,,,,,,,,,97.85557105,
453.029999,,,,,,,,,,,,,,,99.04293125,
453.929993,,,,,,,,,,,,,,,99.74798849,
455,,,,,,,,,,,,,,,100,
456.059998,,,,,,,,,,,,,,,99.83407684,
456.959992,,,,,,,,,,,,,,,99.3609165,
458.029999,,,,,,,,,,,,,,,98.61895438,
458.929993,,,,,,,,,,,,,,,97.55378843,
460,,,,,,,,,,,,,,,96.30736195,
461.059998,,,,,,,,,,,,,,,94.85547388,
461.959992,,,,,,,,,,,,,,,93.2867536,
463.029999,,,,,,,,,,,,,,,91.70722332,
463.929993,,,,,,,,,,,,,,,90.06681144,
465,,,,,,,,,,,,,,,88.45513882,
466.059998,,,,,,,,,,,,,,,86.88038366,
466.959992,,,,,,,,,,,,,,,85.31968753,
468.029999,,,,,,,,,,,,,,,83.71780489,
468.929993,,,,,,,,,,,,,,,82.18452279,
470,,,,,,,,,,,,,,,80.68345302,
471.059998,,,,,,,,,,,,,,,79.20416847,
471.959992,,,,,,,,,,,,,,,77.77780742,
473.029999,,,,,,,,,,,,,,,76.40299019,
473.929993,,,,,,,,,,,,,,,75.08438487,
475,,,,,,,,,,,,,,,73.78018186,
476.059998,,,,,,,,,,,,,,,72.4905211,
476.959992,,,,,,,,,,,,,,,71.22957067,
478.029999,,,,,,,,,,,,,,,70.00312637,
478.929993,,,,,,,,,,,,,,,68.7148832,
480,,,,,,,,,,,,,,,67.383204,
481.059998,,,,,,,,,,,,,,,65.99314322,
481.959992,,,,,,,,,,,,,,,64.55644151,
483.029999,,,,,,,,,,,,,,,63.09153775,
483.929993,,,,,,,,,,,,,,,61.56810978,
485,,,,,,,,,,,,,,,59.91883333,
486.059998,,,,,,,,,,,,,,,58.28576859,
486.959992,,,,,,,,,,,,,,,56.63925557,
488.029999,,,,,,,,,,,,,,,54.92953757,
488.929993,,,,,,,,,,,,,,,53.2273597,
490,,,,,,,,,,,,,,,51.51936926,
491.059998,,,,,,,,,,,,,,,49.73653455,
491.959992,,,,,,,,,,,,,,,47.95151493,
493.029999,,,,,,,,,,,,,,,46.19487665,
493.929993,,,,,,,,,,,,,,,44.52861093,
495,,,,,,,,,,,,,,,42.92332291,
496.059998,,,,,,,,,,,,,,,41.35443791,
496.959992,,,,,,,,,,,,,,,39.81679554,
498.029999,,,,,,,,,,,,,,,38.33919338,
498.929993,,,,,,,,,,,,,,,36.90354903,
500,,,,,,,,,,,,,,,35.47731326,
501.040009,,,,,,,,,,,,,,,34.1785879,
501.940002,,,,,,,,,,,,,,,32.90967911,
502.980011,,,,,,,,,,,,,,,31.63353565,
504.019989,,,,,,,,,,,,,,,30.39914796,
505.070007,,,,,,,,,,,,,,,29.22639821,
505.970001,,,,,,,,,,,,,,,28.1160929,
507.01001,,,,,,,,,,,,,,,27.06622612,
508.049988,,,,,,,,,,,,,,,26.07283486,
508.950012,,,,,,,,,,,,,,,25.1788478,
510,,,,,,,,,,,,,,,24.32727504,
511.059998,,,,,,,,,,,,,,,23.47304534,
511.959992,,,,,,,,,,,,,,,22.61831906,
513.030029,,,,,,,,,,,,,,,21.86925686,
513.929993,,,,,,,,,,,,,,,21.10184017,
515,,,,,,,,,,,,,,,20.33944457,
516.059998,,,,,,,,,,,,,,,19.58343224,
516.960022,,,,,,,,,,,,,,,18.86809306,
518.030029,,,,,,,,,,,,,,,18.1590431,
518.929993,,,,,,,,,,,,,,,17.44122133,
520,,,,,,,,,,,,,,,16.781373,
521.039978,,,,,,,,,,,,,,,16.16915907,
521.940002,,,,,,,,,,,,,,,15.58298025,
522.979981,,,,,,,,,,,,,,,15.00473249,
524.02002,,,,,,,,,,,,,,,14.45184814,
525.070007,,,,,,,,,,,,,,,13.93717218,
525.969971,,,,,,,,,,,,,,,13.43491139,
527.01001,,,,,,,,,,,,,,,12.94320682,
528.049988,,,,,,,,,,,,,,,12.42155214,
528.950012,,,,,,,,,,,,,,,11.93482934,
530,,,,,,,,,,,,,,,11.45384253,
531.039978,,,,,,,,,,,,,,,10.95177565,
531.940002,,,,,,,,,,,,,,,10.48808219,
532.979981,,,,,,,,,,,,,,,10.02639165,
534.02002,,,,,,,,,,,,,,,9.574635271,
535.070007,,,,,,,,,,,,,,,9.197057965,
535.969971,,,,,,,,,,,,,,,8.86217004,
537.01001,,,,,,,,,,,,,,,8.575833554,
538.049988,,,,,,,,,,,,,,,8.328146017,
538.950012,,,,,,,,,,,,,,,8.14267233,
540,,,,,,,,,,,,,,,7.955985363,
541.039978,,,,,,,,,,,,,,,7.787089165,
541.940002,,,,,,,,,,,,,,,7.585589909,
542.979981,,,,,,,,,,,,,,,7.357496073,
544.02002,,,,,,,,,,,,,,,7.133353434,
545.070007,,,,,,,,,,,,,,,6.820974409,
545.969971,,,,,,,,,,,,,,,6.458079847,
547.01001,,,,,,,,,,,,,,,6.097235875,
548.049988,,,,,,,,,,,,,,,5.719645861,
548.950012,,,,,,,,,,,,,,,5.36379044,
550,,,,,,,,,,,,,,,5.011198112,
551.039978,,,,,,,,,,,,,,,4.690158654,
551.940002,,,,,,,,,,,,,,,4.397612505,
552.979981,,,,,,,,,,,,,,,4.138345781,
554.02002,,,,,,,,,,,,,,,3.908234512,
555.070007,,,,,,,,,,,,,,,3.706419429,
555.969971,,,,,,,,,,,,,,,3.519358162,
557.01001,,,,,,,,,,,,,,,3.331785185,
558.049988,,,,,,,,,,,,,,,3.160702859,
558.950012,,,,,,,,,,,,,,,2.99642616,
560,,,,,,,,,,,,,,,2.84169534,
561.039978,,,,,,,,,,,,,,,2.690775961,
561.940002,,,,,,,,,,,,,,,2.565288786,
562.979981,,,,,,,,,,,,,,,2.428127084,
564.02002,,,,,,,,,,,,,,,2.307568615,
565.070007,,,,,,,,,,,,,,,2.177183013,
565.969971,,,,,,,,,,,,,,,2.064722068,
567.01001,,,,,,,,,,,,,,,1.971545415,
568.049988,,,,,,,,,,,,,,,1.860050084,
568.950012,,,,,,,,,,,,,,,1.754008698,
570,,,,,,,,,,,,,,,1.661306984,
571.02002,,,,,,,,,,,,,,,1.571132315,
572.049988,,,,,,,,,,,,,,,1.480962865,
572.940002,,,,,,,,,,,,,,,1.377573219,
573.969971,,,,,,,,,,,,,,,1.294873573,
575,,,,,,,,,,,,,,,1.212797529,
576.02002,,,,,,,,,,,,,,,1.131863383,
577.049988,,,,,,,,,,,,,,,1.053944383,
577.940002,,,,,,,,,,,,,,,0.974070904,
578.969971,,,,,,,,,,,,,,,0.910654186,
580,,,,,,,,,,,,,,,0.828438173,
581.02002,,,,,,,,,,,,,,,0.758291837,
582.049988,,,,,,,,,,,,,,,0.688602175,
582.940002,,,,,,,,,,,,,,,0.618504429,
583.969971,,,,,,,,,,,,,,,0.558619654,
585,,,,,,,,,,,,,,,0.494020242,
586.02002,,,,,,,,,,,,,,,0.449749137,
587.049988,,,,,,,,,,,,,,,0.408289573,
587.940002,,,,,,,,,,,,,,,0.364734584,
588.969971,,,,,,,,,,,,,,,0.336347864,
590,,,,,,,,,,,,,,,0.319557991,
591.02002,,,,,,,,,,,,,,,0.3056972,
592.049988,,,,,,,,,,,,,,,0.282923001,
592.940002,,,,,,,,,,,,,,,0.253294635,
593.969971,,,,,,,,,,,,,,,0.224235764,
595,,,,,,,,,,,,,,,0.184829927,
596.02002,,,,,,,,,,,,,,,0.14732415,
597.049988,,,,,,,,,,,,,,,0.106310619,
597.940002,,,,,,,,,,,,,,,0.073021506,
598.969971,,,,,,,,,,,,,,,0.035490443,
600,,,,,,,,,,,,,,,0,
300,,,,,,,,,,,,,,,,3.393432583
301.070007,,,,,,,,,,,,,,,,3.089542683
302,,,,,,,,,,,,,,,,2.745649308
303.070007,,,,,,,,,,,,,,,,2.361553534
304,,,,,,,,,,,,,,,,1.981270666
305.070007,,,,,,,,,,,,,,,,1.592372157
306,,,,,,,,,,,,,,,,1.245301973
307.070007,,,,,,,,,,,,,,,,0.976864974
308,,,,,,,,,,,,,,,,0.752840323
309.070007,,,,,,,,,,,,,,,,0.579981784
310,,,,,,,,,,,,,,,,0.425069444
311.070007,,,,,,,,,,,,,,,,0.319726572
312,,,,,,,,,,,,,,,,0.232966724
313.070007,,,,,,,,,,,,,,,,0.181811381
314,,,,,,,,,,,,,,,,0.131826848
315.070007,,,,,,,,,,,,,,,,0.075460213
316,,,,,,,,,,,,,,,,0.049116787
317.070007,,,,,,,,,,,,,,,,0.006024889
318,,,,,,,,,,,,,,,,0
319.070007,,,,,,,,,,,,,,,,0.018677507
320,,,,,,,,,,,,,,,,0.020443308
321.070007,,,,,,,,,,,,,,,,0.034334923
322,,,,,,,,,,,,,,,,0.055520503
323.070007,,,,,,,,,,,,,,,,0.085340322
324,,,,,,,,,,,,,,,,0.132484486
325.070007,,,,,,,,,,,,,,,,0.192898935
326,,,,,,,,,,,,,,,,0.272707432
327.070007,,,,,,,,,,,,,,,,0.365906578
328,,,,,,,,,,,,,,,,0.473535863
329.070007,,,,,,,,,,,,,,,,0.576464954
330,,,,,,,,,,,,,,,,0.670861353
331.070007,,,,,,,,,,,,,,,,0.794614545
332,,,,,,,,,,,,,,,,0.92506264
333.070007,,,,,,,,,,,,,,,,1.079430381
334,,,,,,,,,,,,,,,,1.207157276
335.070007,,,,,,,,,,,,,,,,1.325601781
336,,,,,,,,,,,,,,,,1.474844929
337.070007,,,,,,,,,,,,,,,,1.606606918
338,,,,,,,,,,,,,,,,1.775117686
339.070007,,,,,,,,,,,,,,,,1.992596182
340,,,,,,,,,,,,,,,,2.222571209
341.070007,,,,,,,,,,,,,,,,2.496858355
342,,,,,,,,,,,,,,,,2.801753032
343.070007,,,,,,,,,,,,,,,,3.093349365
344,,,,,,,,,,,,,,,,3.441150257
345.070007,,,,,,,,,,,,,,,,3.848006558
346,,,,,,,,,,,,,,,,4.284556361
347.070007,,,,,,,,,,,,,,,,4.739974964
348,,,,,,,,,,,,,,,,5.26263945
349.070007,,,,,,,,,,,,,,,,5.795669744
350,,,,,,,,,,,,,,,,6.397067232
351.070007,,,,,,,,,,,,,,,,7.046848696
352,,,,,,,,,,,,,,,,7.74723753
353.070007,,,,,,,,,,,,,,,,8.507820694
354,,,,,,,,,,,,,,,,9.334494826
355.070007,,,,,,,,,,,,,,,,10.11962791
356,,,,,,,,,,,,,,,,10.97264208
357.070007,,,,,,,,,,,,,,,,11.84593826
358,,,,,,,,,,,,,,,,12.77395564
359.070007,,,,,,,,,,,,,,,,13.6859574
360,,,,,,,,,,,,,,,,14.63696686
361.070007,,,,,,,,,,,,,,,,15.64130462
362,,,,,,,,,,,,,,,,16.7259093
363.070007,,,,,,,,,,,,,,,,17.88410089
364,,,,,,,,,,,,,,,,19.13303915
365.070007,,,,,,,,,,,,,,,,20.65063408
366,,,,,,,,,,,,,,,,22.36708542
367.070007,,,,,,,,,,,,,,,,24.17176709
368,,,,,,,,,,,,,,,,26.1871659
369.070007,,,,,,,,,,,,,,,,28.325157
370,,,,,,,,,,,,,,,,30.57066849
371.070007,,,,,,,,,,,,,,,,32.83006726
372,,,,,,,,,,,,,,,,35.15389158
373.070007,,,,,,,,,,,,,,,,37.46783477
374,,,,,,,,,,,,,,,,39.74278108
375.070007,,,,,,,,,,,,,,,,41.89907997
376,,,,,,,,,,,,,,,,44.05640598
377.070007,,,,,,,,,,,,,,,,46.2639123
378,,,,,,,,,,,,,,,,48.50214933
379.070007,,,,,,,,,,,,,,,,50.79035526
380,,,,,,,,,,,,,,,,53.16144148
381.059998,,,,,,,,,,,,,,,,55.5734802
381.959992,,,,,,,,,,,,,,,,57.98652755
383.029999,,,,,,,,,,,,,,,,60.41158494
383.929993,,,,,,,,,,,,,,,,62.88606314
385,,,,,,,,,,,,,,,,65.50612906
386.059998,,,,,,,,,,,,,,,,68.23800506
386.959992,,,,,,,,,,,,,,,,70.9327025
388.029999,,,,,,,,,,,,,,,,73.77204814
388.929993,,,,,,,,,,,,,,,,76.41231253
390,,,,,,,,,,,,,,,,79.05775619
391.070007,,,,,,,,,,,,,,,,81.72927588
392,,,,,,,,,,,,,,,,84.27796996
393.070007,,,,,,,,,,,,,,,,86.76070039
394,,,,,,,,,,,,,,,,89.14798574
395.070007,,,,,,,,,,,,,,,,91.3831107
396,,,,,,,,,,,,,,,,93.39092704
397.070007,,,,,,,,,,,,,,,,95.27437626
398,,,,,,,,,,,,,,,,96.94052602
399.070007,,,,,,,,,,,,,,,,98.35642975
400,,,,,,,,,,,,,,,,99.43248944
401.059998,,,,,,,,,,,,,,,,99.91984957
401.959992,,,,,,,,,,,,,,,,100
403.029999,,,,,,,,,,,,,,,,99.57990757
403.929993,,,,,,,,,,,,,,,,98.59194501
405,,,,,,,,,,,,,,,,97.15398412
406.059998,,,,,,,,,,,,,,,,95.29060688
406.959992,,,,,,,,,,,,,,,,93.05346164
408.029999,,,,,,,,,,,,,,,,90.45087727
408.929993,,,,,,,,,,,,,,,,87.59554738
410,,,,,,,,,,,,,,,,84.52599877
411.059998,,,,,,,,,,,,,,,,81.34206179
411.959992,,,,,,,,,,,,,,,,78.00061235
413.029999,,,,,,,,,,,,,,,,74.53893961
413.929993,,,,,,,,,,,,,,,,71.06405222
415,,,,,,,,,,,,,,,,67.59469224
416.059998,,,,,,,,,,,,,,,,64.15505839
416.959992,,,,,,,,,,,,,,,,60.83807772
418.029999,,,,,,,,,,,,,,,,57.65042119
418.929993,,,,,,,,,,,,,,,,54.525853
420,,,,,,,,,,,,,,,,51.43062796
421.059998,,,,,,,,,,,,,,,,48.3936208
421.959992,,,,,,,,,,,,,,,,45.5199363
423.029999,,,,,,,,,,,,,,,,42.69473276
423.929993,,,,,,,,,,,,,,,,39.94020976
425,,,,,,,,,,,,,,,,37.22972959
426.059998,,,,,,,,,,,,,,,,34.59917511
426.959992,,,,,,,,,,,,,,,,31.98963728
428.029999,,,,,,,,,,,,,,,,29.44046144
428.929993,,,,,,,,,,,,,,,,27.03317653
430,,,,,,,,,,,,,,,,24.8029532
431.059998,,,,,,,,,,,,,,,,22.64821236
431.959992,,,,,,,,,,,,,,,,20.62133013
433.029999,,,,,,,,,,,,,,,,18.69327095
433.929993,,,,,,,,,,,,,,,,16.96936218
435,,,,,,,,,,,,,,,,15.40698917
436.059998,,,,,,,,,,,,,,,,14.01167509
436.959992,,,,,,,,,,,,,,,,12.7590706
438.029999,,,,,,,,,,,,,,,,11.6755825
438.929993,,,,,,,,,,,,,,,,10.72075964
440,,,,,,,,,,,,,,,,9.9454872
441.059998,,,,,,,,,,,,,,,,9.357593137
441.959992,,,,,,,,,,,,,,,,8.932561306
443.029999,,,,,,,,,,,,,,,,8.614615053
443.929993,,,,,,,,,,,,,,,,8.417285451